id,title,startDate,endDate,details,category,reviewed,hidden,createdAt,updatedAt
453,"Indo-European migrations","-4000-01-01",,,"General",false,false,2025-06-23T23:09:10.129Z,2025-06-23T23:09:10.129Z
454,"Early Minoan Crete","-3500-01-01","-2000-01-01",,"General",false,false,2025-06-23T23:09:10.133Z,2025-06-23T23:09:10.133Z
455,"Founding of Thebes","-3200-01-01",,,"General",false,false,2025-06-23T23:09:10.137Z,2025-06-23T23:09:10.137Z
456,"Early Dynastic Period of Egypt","-3146-01-01","-2890-01-01","The Early Dynastic Period (c. 3150 - c. 2686 BCE) marks the dawn of a unified and recognizable Egyptian civilization. It followed the unification of Upper and Lower Egypt under a single ruler, ushering in an era of monumental advancements. Here's a detailed breakdown of this period: Dawn of a Unified Kingdom: Around 3150 BCE, Upper Egypt (south) and Lower Egypt (north) merged under a single pharaoh. This unification solidified the political landscape and laid the foundation for a centralized government. The capital shifted from Thinis (Upper Egypt) to Memphis (Lower Egypt), symbolizing the unification. Birth of a Pharaoh: The concept of the pharaoh as a living god emerged during this period. Pharaohs were seen as intermediaries between the divine realm and the human world, wielding immense power and authority. Elaborate royal tombs were constructed, with the mastaba (rectangular mudbrick structure) being a prominent early form. These forerunners of pyramids showcased the growing importance of the afterlife in Egyptian beliefs. Cultural Flourishing: Writing: Hieroglyphic writing, a complex system of symbols, flourished during this period. It allowed Egyptians to record their history, religion, and administrative matters. Art: Artistic styles became more sophisticated, with advancements in sculpture, painting, and pottery. Artists depicted gods, pharaohs, and scenes of daily life. Sciences: Egyptians made significant strides in astronomy, mathematics, and medicine. They developed a calendar based on the Nile's annual floods and devised mathematical formulas for construction. Foundations of Religion: The concept of Ma'at, the balance and harmony of the universe, became central to Egyptian religion. Pharaohs were seen as upholders of Ma'at. Egyptians worshipped a vast pantheon of gods and goddesses, each representing different aspects of nature and human experience. Elaborate temple complexes began to be constructed, reflecting the growing importance of religion in society. Legacy of the Early Dynastic Period: This formative period laid the groundwork for the Old Kingdom, considered the peak of classical Egyptian civilization. The achievements of the Early Dynastic Period resonated throughout Egyptian history, shaping their art, religion, and social structures for millennia to come.","Ancient Egypt",false,false,2025-06-23T23:09:10.141Z,2025-06-23T23:09:10.141Z
457,"Cycladic Culture","-3100-01-01","-1001-01-01","The Cycladic culture flourished in the Aegean Sea from around 3300 to 1100 BC, leaving behind a captivating legacy of art, figurines, and societal practices. Here's a detailed exploration of this fascinating civilization: Origins and Geography: The Cycladic islands, a cluster in the southwestern Aegean Sea, served as the cradle of this culture. Resources like obsidian (volcanic glass), marble, and metals like copper played a significant role in their development. The island of Delos, considered sacred by the Greeks, was central to the Cycladic world. Art and Artifacts: Cycladic art is known for its distinctive style, characterized by: Cycladic figurines: Mostly female figures carved from white marble, with simplified forms and prominent features like the ""folded arms"" pose. Their purpose remains debated, with theories ranging from fertility symbols to representations of deities. Pottery: Decorated with geometric patterns and occasionally depicting animals or human figures. Marble sculptures: Including vessels, idols, and abstract forms. Society and Religion: Knowledge of Cycladic society comes primarily from their artifacts and burial practices. Settlements varied from small villages to fortified centers, suggesting some social complexity. Cycladic figurines might reflect a focus on fertility and the female sphere. Evidence for religious beliefs includes elaborate burials with grave goods, suggesting a belief in the afterlife. Cycladic culture participated in maritime trade networks, exporting their artifacts to other Aegean regions. Decline and Legacy: Around 1100 BC, the Cycladic culture began to decline, possibly due to climate change or competition from Minoan civilization. Despite its end, Cycladic art and culture influenced later Aegean civilizations like the Minoans and Mycenaeans. The captivating Cycladic figurines continue to inspire artists and archaeologists today.","Ancient Mediterranean",false,false,2025-06-23T23:09:10.144Z,2025-06-23T23:09:10.144Z
458,"Reign of Hor-Aha","-3050-01-01",,,"Ancient Egypt",false,false,2025-06-23T23:09:10.148Z,2025-06-23T23:09:10.148Z
459,"Reign of Queen Neithotep","-3050-01-01",,,"Ancient Egypt",false,false,2025-06-23T23:09:10.162Z,2025-06-23T23:09:10.162Z
460,"Corded Ware Culture","-3000-01-01","-2350-01-01","The Corded Ware Culture, also known as the Battle Axe Culture or Single Grave Culture, thrived in Europe from roughly 3000 BC to 2350 BC. This period spanned the late Neolithic, the Copper Age, and the early Bronze Age. Here's a breakdown of their key characteristics: Origins and Spread: The exact origins of the Corded Ware Culture are debated, but archaeological and genetic evidence suggest a blend of influences. Some believe they emerged from the interaction between the Yamnaya culture of the Eurasian steppe (known for their horse-riding pastoralism) and the Funnelbeaker culture of northern Europe (known for their farming practices). This fusion resulted in a mobile, semi-nomadic society with a strong pastoral focus, likely using horse-drawn wagons for travel. The Corded Ware culture spread rapidly across a vast area, encompassing parts of Northern, Central, and Eastern Europe. Material Culture: Their most recognizable artifact is the pottery - coarse and decorated with impressions made by twisted cords (hence the name). They also used battle axes made of polished stone, a symbol of their warrior culture. Evidence suggests they possessed some metalworking skills, using copper for ornaments. Subsistence: The Corded Ware people primarily relied on herding cattle and other livestock, practicing a mobile pastoral lifestyle. They likely supplemented their diet with some cereal cultivation and hunting. Social Structure: Little is known definitively about their social structure. Burials were typically single inhumations in flat graves, sometimes with a small mound. Some burials include weapons and pottery, suggesting social differentiation based on wealth or warrior status. Language and Legacy: Genetic studies suggest the Corded Ware Culture played a significant role in spreading Indo-European languages across Europe. Their influence is believed to be ancestral to various European language groups, including Germanic and Balto-Slavic.","Ancient Europe",false,false,2025-06-23T23:09:10.165Z,2025-06-23T23:09:10.165Z
461,"Watson Brake","-3000-01-01",,"Watson Brake is a fascinating archaeological site located in Ouachita Parish, Louisiana. Here's a detailed breakdown of its significance: Age and Construction: Dating back to around 3500 BCE (over 5,400 years old!), Watson Brake is considered the oldest documented earthwork mound complex in North America. This predates iconic structures like the Egyptian pyramids and Stonehenge. The complex was constructed by the Evans culture, a group of hunter-gatherers from the Middle Archaic period. The sheer scale and complexity of the site challenge traditional views of these early societies. Mound Structure and Layout: Watson Brake features eleven oval and circular earthen mounds ranging from 3 to 25 feet in height. These mounds are arranged in a unique pattern, with some connected by ridges. Two curved ridges link two separate groups of mounds, forming a large enclosure measuring roughly 984 by 656 feet. The purpose and symbolism behind this layout are still being explored by archaeologists. Importance and Discoveries: The discovery and dating of Watson Brake in 1997 revolutionized understanding of early cultures in the Southeastern United States. It demonstrated that these societies possessed sophisticated social organization and the ability to undertake large-scale projects. Archaeological excavations at the site have uncovered various artifacts, including stone tools, beads, and animal remains. These offer valuable insights into the daily lives and practices of the Evans culture. Unanswered Questions and Ongoing Research: The exact function of the Watson Brake mounds remains a mystery. Theories suggest they could have served as ceremonial centers, gathering places, or even astronomical observatories. Ongoing research at the site continues to unearth new information about the Evans culture and their impressive construction techniques.","Ancient Americas",false,false,2025-06-23T23:09:10.169Z,2025-06-23T23:09:10.169Z
462,"Reign of Pharaoh Djer","-3000-01-01",,,"Ancient Egypt",false,false,2025-06-23T23:09:10.177Z,2025-06-23T23:09:10.177Z
463,"Longshan Culture","-3000-01-01","-1900-01-01",,"Ancient East Asia",false,false,2025-06-23T23:09:10.180Z,2025-06-23T23:09:10.180Z
464,"Reign of Pharaoh Djet","-2980-01-01",,,"Ancient Egypt",false,false,2025-06-23T23:09:10.184Z,2025-06-23T23:09:10.184Z
465,"Reign of Queen Merneith & Pharaoh Den","-2970-01-01",,,"Ancient Egypt",false,false,2025-06-23T23:09:10.187Z,2025-06-23T23:09:10.187Z
466,"Reign of Pharaoh Anedjib","-2930-01-01",,,"Ancient Egypt",false,false,2025-06-23T23:09:10.191Z,2025-06-23T23:09:10.191Z
467,"Reign of Pharaoh Semerkhet","-2920-01-01",,,"Ancient Egypt",false,false,2025-06-23T23:09:10.194Z,2025-06-23T23:09:10.194Z
468,"Reign of Pharaoh Qa'a","-2910-01-01",,,"Ancient Egypt",false,false,2025-06-23T23:09:10.209Z,2025-06-23T23:09:10.209Z
469,"Mesopotamian Early Dynastic Period","-2900-01-01","-2350-01-01",,"Ancient Near East",false,false,2025-06-23T23:09:10.224Z,2025-06-23T23:09:10.224Z
470,"Egypt Dynasty II","-2890-01-01","-2686-01-01",,"Ancient Egypt",false,false,2025-06-23T23:09:10.228Z,2025-06-23T23:09:10.228Z
471,"Reign of Hotepsekhemwy","-2890-01-01","-2840-01-01",,"Ancient Egypt",false,false,2025-06-23T23:09:10.231Z,2025-06-23T23:09:10.231Z
472,"First Kings of China","-2852-01-01","-2205-01-01",,"Ancient East",false,false,2025-06-23T23:09:10.235Z,2025-06-23T23:09:10.235Z
473,"Reign of Nebre","-2840-01-01","-2790-01-01",,"Ancient Egypt",false,false,2025-06-23T23:09:10.238Z,2025-06-23T23:09:10.238Z
474,"Beaker People","-2799-01-01","-1800-01-01","The Beaker People, also known as the Bell Beaker culture, were a fascinating prehistoric society that left their mark across Europe from roughly 4,500 to 2,800 BC. Here's a deep dive into who they were and the impact they had: Who Were They? Migration and Mystery: The Beaker People weren't native to any specific region. Archaeological evidence suggests they originated from the Iberian Peninsula (modern-day Spain and Portugal) and migrated outwards, significantly impacting the cultures they encountered. Genetics and Appearance: DNA analysis reveals they had a distinct genetic makeup, indicating a clear migration event. Studies suggest they were possibly tall with a heavier build compared to earlier European populations. What Defined Them? The Bell-Shaped Beakers: Their namesake comes from their distinctive pottery ΓÇô well-made, bell-shaped beakers with intricate combed or stamped designs. These beakers weren't just for everyday use; they likely held symbolic or ritualistic significance. Metalworking and Innovation: The Beakers are credited with introducing copper working and new styles of weaponry like flat daggers and spearheads to Europe. This technological advancement marked a shift from the Stone Age to the Early Bronze Age. Burial Practices: While burial practices varied regionally, the Beakers are often associated with single burials in pits or megalithic tombs (large stone structures) that were previously used by earlier cultures. Some burials included grave goods like the famous beakers, jewelry, and tools. Impact and Legacy Cultural Exchange: The Beaker migration wasn't just about people moving; it was about ideas and innovations spreading. They likely introduced new agricultural practices, social structures, and even languages to the regions they reached. Genetic Shift: Studies show a significant genetic shift in areas heavily influenced by the Beakers. This suggests significant intermixing with the existing populations, creating a new genetic blend that shaped future European populations. Enduring Mystery: Despite their widespread influence, much remains unknown about the Beaker People. Their language, social structures, and religious beliefs are still a subject of ongoing research and debate.","Ancient Europe",false,false,2025-06-23T23:09:10.242Z,2025-06-23T23:09:10.242Z
475,"Reign of Nynetjer","-2790-01-01","-2750-01-01",,"Ancient Egypt",false,false,2025-06-23T23:09:10.245Z,2025-06-23T23:09:10.245Z
476,"Reign of Pharaoh Peribsen","-2740-01-01",,,"Ancient Egypt",false,false,2025-06-23T23:09:10.254Z,2025-06-23T23:09:10.254Z
477,"Reign of Khasekhemwy","-2750-01-01","-2700-01-01",,"Ancient Egypt",false,false,2025-06-23T23:09:10.259Z,2025-06-23T23:09:10.259Z
478,"First Eblaite Kingdom","-2700-01-01","-2300-01-01",,"Ancient Near East",false,false,2025-06-23T23:09:10.264Z,2025-06-23T23:09:10.264Z
480,"First abacus counting machine","-2699-01-01",,,"Technology",false,false,2025-06-23T23:09:10.271Z,2025-06-23T23:09:10.271Z
481,"Old Kingdom of Egypt","-2686-01-01","-2200-01-01",,"Ancient Egypt",false,false,2025-06-23T23:09:10.275Z,2025-06-23T23:09:10.275Z
482,"Reign of Djoser","-2686-01-01","-2648-01-01",,"Ancient Egypt",false,false,2025-06-23T23:09:10.278Z,2025-06-23T23:09:10.278Z
483,"Step Pyramid of Djoser at Saqquara","-2650-01-01",,,"Ancient Egypt",false,false,2025-06-23T23:09:10.287Z,2025-06-23T23:09:10.287Z
484,"Imhotep","-2625-01-01",,,"Ancient Egypt",false,false,2025-06-23T23:09:10.301Z,2025-06-23T23:09:10.301Z
485,"Reign of Pharaoh Sanakht","-2650-01-01",,,"Ancient Egypt",false,false,2025-06-23T23:09:10.317Z,2025-06-23T23:09:10.317Z
486,"Reign of Sekhemkhet","-2648-01-01","-2640-01-01",,"Ancient Egypt",false,false,2025-06-23T23:09:10.332Z,2025-06-23T23:09:10.332Z
487,"Reign of Khaba","-2640-01-01",,,"Ancient Egypt",false,false,2025-06-23T23:09:10.347Z,2025-06-23T23:09:10.347Z
488,"Reign of Huni","-2636-01-01","-2613-01-01",,"Ancient Egypt",false,false,2025-06-23T23:09:10.362Z,2025-06-23T23:09:10.362Z
489,"Egypt Dynasty IV","-2613-01-01","-2494-01-01",,"Ancient Egypt",false,false,2025-06-23T23:09:10.377Z,2025-06-23T23:09:10.377Z
490,"Reign of Sneferu","-2613-01-01","-2589-01-01",,"Ancient Egypt",false,false,2025-06-23T23:09:10.392Z,2025-06-23T23:09:10.392Z
491,"Bent Pyramid at Dahshur","-2580-01-01",,,"Ancient Egypt",false,false,2025-06-23T23:09:10.407Z,2025-06-23T23:09:10.407Z
492,"The Red Pyramid","-2563-01-01",,,"Ancient Egypt",false,false,2025-06-23T23:09:10.411Z,2025-06-23T23:09:10.411Z
493,"Queen Hetepheres I","-2600-01-01",,,"Ancient Egypt",false,false,2025-06-23T23:09:10.415Z,2025-06-23T23:09:10.415Z
494,"Early Amorites","-2600-01-01",,,"Ancient Near East",false,false,2025-06-23T23:09:10.419Z,2025-06-23T23:09:10.419Z
495,"Indus Valley Civilization","-2600-01-01","-1300-01-01",,"Ancient India",false,false,2025-06-23T23:09:10.422Z,2025-06-23T23:09:10.422Z
496,"Stonehenge","-2600-01-01",,,"Ancient Europe",false,false,2025-06-23T23:09:10.426Z,2025-06-23T23:09:10.426Z
497,"Standard of Ur","-2600-01-01",,,"Ancient Near East",false,false,2025-06-23T23:09:10.429Z,2025-06-23T23:09:10.429Z
498,"Umm Al Nar culture","-2600-01-01",,,"Ancient Near East",false,false,2025-06-23T23:09:10.433Z,2025-06-23T23:09:10.433Z
499,"Reign of Khufu (Cheops)","-2588-01-01","-2566-01-01",,"Ancient Egypt",false,false,2025-06-23T23:09:10.437Z,2025-06-23T23:09:10.437Z
500,"Great Pyramid of Giza","-2588-01-01",,,"Ancient Egypt",false,false,2025-06-23T23:09:10.440Z,2025-06-23T23:09:10.440Z
501,"Reign of Queen Hetepheres II","-2580-01-01",,,"Ancient Egypt",false,false,2025-06-23T23:09:10.444Z,2025-06-23T23:09:10.444Z
502,"Reign of Djedefra","-2566-01-01","-2558-01-01",,"Ancient Egypt",false,false,2025-06-23T23:09:10.447Z,2025-06-23T23:09:10.447Z
503,"Reign of Khafre","-2558-01-01","-2532-01-01",,"Ancient Egypt",false,false,2025-06-23T23:09:10.451Z,2025-06-23T23:09:10.451Z
504,"The Great Sphinx of Giza","-2532-01-01",,,"Ancient Egypt",false,false,2025-06-23T23:09:10.454Z,2025-06-23T23:09:10.454Z
505,"Reign of Menkaure","-2532-01-01","-2503-01-01",,"Ancient Egypt",false,false,2025-06-23T23:09:10.458Z,2025-06-23T23:09:10.458Z
506,"Reign of Shepseskaf","-2503-01-01","-2498-01-01",,"Ancient Egypt",false,false,2025-06-23T23:09:10.461Z,2025-06-23T23:09:10.461Z
507,"Early Assyrian period","-2500-01-01","-2025-01-01",,"Ancient Near East",false,false,2025-06-23T23:09:10.465Z,2025-06-23T23:09:10.465Z
508,"Glassmaking begins","-2500-01-01",,,"Technology",false,false,2025-06-23T23:09:10.468Z,2025-06-23T23:09:10.468Z
509,"Establishment of the cult of the sun god Ra","-2500-01-01",,,"General",false,false,2025-06-23T23:09:10.472Z,2025-06-23T23:09:10.472Z
510,"Construction of Susa, capital of Elam","-2500-01-01",,,"Ancient Near East",false,false,2025-06-23T23:09:10.475Z,2025-06-23T23:09:10.475Z
511,"Establishment of the first schools in Sumer","-2500-01-01",,,"Ancient Near East",false,false,2025-06-23T23:09:10.479Z,2025-06-23T23:09:10.479Z
512,"Rise of the Kingdom of Awan","-2500-01-01",,,"General",false,false,2025-06-23T23:09:10.482Z,2025-06-23T23:09:10.482Z
513,"Egypt Dynasty V","-2498-01-01","-2346-01-01",,"Ancient Egypt",false,false,2025-06-23T23:09:10.486Z,2025-06-24T01:40:50.189Z
514,"Reign of Userkaf","-2498-01-01","-2491-01-01",,"Ancient Egypt",false,false,2025-06-23T23:09:10.489Z,2025-06-23T23:09:10.489Z
515,"Reign of Pharaoh Sahure","-2491-01-01","-2477-01-01",,"Ancient Egypt",false,false,2025-06-23T23:09:10.493Z,2025-06-23T23:09:10.493Z
516,"Reign of Pharaoh Neferirkare Kakai","-2477-01-01","-2460-01-01",,"Ancient Egypt",false,false,2025-06-23T23:09:10.497Z,2025-06-23T23:09:10.497Z
517,"Reign of the Pharaoh Neferefre","-2460-01-01","-2487-01-01",,"Ancient Egypt",false,false,2025-06-23T23:09:10.501Z,2025-06-23T23:09:10.501Z
518,"Reign of Pharaoh Shepseskare","-2458-01-01",,,"Ancient Egypt",false,false,2025-06-23T23:09:10.504Z,2025-06-23T23:09:10.504Z
519,"Reign of Pharaoh Nyuserre Ini","-2458-01-01","-2422-01-01",,"Ancient Egypt",false,false,2025-06-23T23:09:10.508Z,2025-06-23T23:09:10.508Z
520,"Reign of Pharaoh Menkauhor Kaiu","-2422-01-01","-2414-01-01",,"Ancient Egypt",false,false,2025-06-23T23:09:10.511Z,2025-06-23T23:09:10.511Z
521,"Reign of Pharaoh Djedkare Isesi","-2414","-2375-01-01",,"Ancient Egypt",false,false,2025-06-23T23:09:10.515Z,2025-06-24T01:41:22.742Z
522,"Earliest surviving parchment documents","-2400-01-01",,,"Technology",false,false,2025-06-23T23:09:10.519Z,2025-06-23T23:09:10.519Z
523,"Oxus Civilization","-2250-01-01","-1950",,"Ancient Near East",false,false,2025-06-23T23:09:10.522Z,2025-07-23T10:53:01.792Z
524,"Reign of Urukagina of Lagash","-2380-01-01","-2360-01-01",,"Ancient Near East",false,false,2025-06-23T23:09:10.525Z,2025-06-23T23:09:10.525Z
525,"Reign of Pharaoh Unas","-2375-01-01","-2345-01-01",,"Ancient Egypt",false,false,2025-06-23T23:09:10.529Z,2025-06-23T23:09:10.529Z
526,"Reign of Lugal-zage-si","-2358-01-01","-2334-01-01",,"Ancient Near East",false,false,2025-06-23T23:09:10.533Z,2025-06-23T23:09:10.533Z
527,"Helmand and Jiroft culture","-2350-01-01",,"The Helmand and Jiroft cultures were fascinating Bronze Age civilizations that flourished in the 3rd millennium BC (roughly 3300-2350 BC for Helmand and 3000-2200 BC for Jiroft). While geographically distinct, they share intriguing connections, potentially representing aspects of a broader cultural zone. Helmand Culture (Southern Afghanistan and Eastern Iran): Location: Flourished mainly in the middle and lower valley of the Helmand River, encompassing parts of modern-day southern Afghanistan (Kandahar, Helmand, and Nimruz provinces) and eastern Iran (Sistan and Baluchestan Province). Cities and Social Structure: Evidence suggests urban centers like Shahr-i Sokhta (Iran) and Mundigak (Afghanistan) with temples and palaces, hinting at a complex social structure. Material Culture: Known for vibrantly painted pottery featuring geometric patterns, plants, and animals. Bronze was also utilized, indicating technological advancement. Possible Connections: The Elamite texts found at Shahr-i Sokhta suggest connections with western Iran. Some scholars also propose links to the Indus Valley Civilization, although the timelines suggest the Helmand culture predates the Indus Valley's peak. Jiroft Culture (Eastern Iran): Location: Primarily flourished in the territory of present-day Sistan and Baluchestan and Kerman Provinces of Iran, with Konar Sandal near Jiroft being the proposed type site. Artistic Legacy: Renowned for its unique, highly detailed pottery featuring intricate designs including animals, human figures, and geometric patterns. Sculptures and impressive carved chlorite seals have also been unearthed. Intriguing Questions: The origin and sudden decline of the Jiroft culture remain topics of debate. Possible Link to Helmand: The cultural similarities between Jiroft and Helmand are striking, with some scholars proposing they might represent a single cultural sphere.","Ancient Near East",false,false,2025-06-23T23:09:10.536Z,2025-06-23T23:09:10.536Z
528,"Egypt Dynasty VI","-2345-01-01","-2181",,"Ancient Egypt",false,false,2025-06-23T23:09:10.540Z,2025-06-24T01:42:45.551Z
529,"Reign of Pharaoh Teti","-2345-01-01","-2333-01-01",,"Ancient Egypt",false,false,2025-06-23T23:09:10.543Z,2025-06-23T23:09:10.543Z
530,"Akkadian Empire","-2334-01-01","-2154",,"Ancient Near East",false,false,2025-06-23T23:09:10.547Z,2025-06-24T01:43:12.721Z
531,"Reign of Sargon of Akkad","-2334-01-01","-2279",,"Ancient Near East",false,false,2025-06-23T23:09:10.550Z,2025-06-24T01:43:38.400Z
532,"Reign of Pharaoh Userkare","-2333-01-01","-2331-01-01",,"General",false,false,2025-06-23T23:09:10.554Z,2025-06-23T23:09:10.554Z
533,"Reign of Pharaoh Pepi I","-2331-01-01","-2287-01-01",,"Ancient Egypt",false,false,2025-06-23T23:09:10.557Z,2025-06-24T03:53:22.697Z
534,"Invention of the iron plow in China","-2300-01-01",,,"General",false,false,2025-06-23T23:09:10.561Z,2025-06-23T23:09:10.561Z
535,"├Ün─¢tice Culture","-2300-01-01","-1600",,"Ancient Europe",false,false,2025-06-23T23:09:10.564Z,2025-08-12T23:35:48.118Z
536,"Reign of Pharaoh Nemtyemsaf I (Merenre)","-2287-01-01","-2278-01-01",,"Ancient Egypt",false,false,2025-06-23T23:09:10.570Z,2025-08-12T23:37:29.304Z
537,"Reign of Rimush","-2279-01-01","-2270-01-01",,"Ancient Near East",false,false,2025-06-23T23:09:10.574Z,2025-08-12T23:56:24.390Z
538,"Reign of Pepi II","-2278-01-01","-2184-01-01",,"Ancient Egypt",false,false,2025-06-23T23:09:10.578Z,2025-08-12T23:56:38.428Z
539,"Gutians","-2278-01-01",,,"General",false,false,2025-06-23T23:09:10.581Z,2025-06-23T23:09:10.581Z
540,"Naram-Sin of Akkad","-2255-01-01","-2218-01-01",,"General",false,false,2025-06-23T23:09:10.584Z,2025-06-23T23:09:10.584Z
541,"The Victory Stele of Naram-Sin","-2254-01-01",,,"General",false,false,2025-06-23T23:09:10.588Z,2025-06-23T23:09:10.588Z
542,"Argaric Culture","-2200-01-01","-1300",,"Ancient Europe",false,false,2025-06-23T23:09:10.591Z,2025-08-19T01:28:18.620Z
543,"Bronze Age Britain","-2200-01-01","-800",,"Ancient Europe",false,false,2025-06-23T23:09:10.595Z,2025-08-19T01:29:05.261Z
544,"Castelluccio culture","-2200-01-01","-1800",,"Ancient Europe",false,false,2025-06-23T23:09:10.598Z,2025-08-19T01:29:26.161Z
546,"Kingdom of Anshan","-2200-01-01","-699",,"Ancient Near East",false,false,2025-06-23T23:09:10.605Z,2025-08-19T01:30:44.194Z
547,"Sintashta Culture","-2200-01-01","-1900",,"Ancient Europe",false,false,2025-06-23T23:09:10.609Z,2025-08-19T01:31:11.576Z
548,"The Formation of the Kingdom of Simashki","-2200-01-01",,,"Ancient Near East",false,false,2025-06-23T23:09:10.612Z,2025-08-19T01:33:41.167Z
549,"Sumerian Calendar Established","-2200-01-01",,,"General",false,false,2025-06-23T23:09:10.616Z,2025-06-23T23:09:10.616Z
550,"Tiryns Culture","-2200-01-01","-2000",,"Ancient Europe",false,false,2025-06-23T23:09:10.619Z,2025-08-19T01:50:21.509Z
551,"Reign of Pharaoh Nemtyemsaf II","-2184-01-01",,,"General",false,false,2025-06-23T23:09:10.622Z,2025-06-23T23:09:10.622Z
552,"Reign of Pharaoh Netjerkare Siptah","-2184-01-01","-2181-01-01",,"General",false,false,2025-06-23T23:09:10.627Z,2025-06-23T23:09:10.627Z
553,"First Intermediate Period of Egypt","-2181-01-01",,,"General",false,false,2025-06-23T23:09:10.630Z,2025-06-23T23:09:10.630Z
554,"Rule of Gudea of Lagash","-2144-01-01",,,"General",false,false,2025-06-23T23:09:10.634Z,2025-06-23T23:09:10.634Z
555,"Middle Kingdom of Egypt","-2130-01-01",,,"General",false,false,2025-06-23T23:09:10.637Z,2025-06-23T23:09:10.637Z
556,"Neo-Sumerian Empire (Third Dynasty of Ur)","-2112-01-01",,,"General",false,false,2025-06-23T23:09:10.640Z,2025-06-23T23:09:10.640Z
557,"The Epic of Gilgamesh","-2100-01-01",,,"General",false,false,2025-06-23T23:09:10.644Z,2025-06-23T23:09:10.644Z
558,"Reign of Shulgi of Ur","-2100-01-01","-2047-01-01",,"General",false,false,2025-06-23T23:09:10.647Z,2025-06-23T23:09:10.647Z
559,"Xia Dynasty","-2070-01-01",,,"General",false,false,2025-06-23T23:09:10.651Z,2025-06-23T23:09:10.651Z
560,"Reign of Mentuhotep II","-2060-01-01","-2009-01-01",,"General",false,false,2025-06-23T23:09:10.654Z,2025-06-23T23:09:10.654Z
561,"Old Assyrian period","-2025-01-01",,,"General",false,false,2025-06-23T23:09:10.658Z,2025-06-23T23:09:10.658Z
562,"Reign of Mentuhotep III","-2009-01-01","-1997-01-01",,"General",false,false,2025-06-23T23:09:10.661Z,2025-06-23T23:09:10.661Z
563,"Canaanite city-states","-2000-01-01",,,"General",false,false,2025-06-23T23:09:10.664Z,2025-06-23T23:09:10.664Z
564,"First Spoke-Wheeled Chariots","-2000-01-01",,,"General",false,false,2025-06-23T23:09:10.669Z,2025-06-23T23:09:10.669Z
565,"Karnak Temple Complex at Luxor","-2000-01-01",,,"General",false,false,2025-06-23T23:09:10.672Z,2025-06-23T23:09:10.672Z
566,"Middle Minoan Civilization","-2000-01-01",,,"General",false,false,2025-06-23T23:09:10.676Z,2025-06-23T23:09:10.676Z
567,"Neo-Elamite Period","-2000-01-01",,,"General",false,false,2025-06-23T23:09:10.680Z,2025-06-23T23:09:10.680Z
568,"Pre-Classic Maya","-2000-01-01",,,"General",false,false,2025-06-23T23:09:10.683Z,2025-06-23T23:09:10.683Z
569,"The First Wooden Pin Lock","-2000-01-01",,,"General",false,false,2025-06-23T23:09:10.686Z,2025-06-23T23:09:10.686Z
570,"Luwians","-2000-01-01",,,"General",false,false,2025-06-23T23:09:10.690Z,2025-06-23T23:09:10.690Z
571,"Creation of the Enuma Elish","-2000-01-01",,,"General",false,false,2025-06-23T23:09:10.693Z,2025-06-23T23:09:10.693Z
572,"Early Mycenaean Greece","-2000-01-01","-1600-01-01",,"General",false,false,2025-06-23T23:09:10.696Z,2025-06-23T23:09:10.696Z
573,"Egypt Dynasty XII","-1991-01-01",,,"General",false,false,2025-06-23T23:09:10.700Z,2025-06-23T23:09:10.700Z
574,"Old Babylonian Empire","-1894-01-01",,,"General",false,false,2025-06-23T23:09:10.704Z,2025-06-23T23:09:10.704Z
575,"Assyrian Empire","-1813-01-01",,,"General",false,false,2025-06-23T23:09:10.707Z,2025-06-23T23:09:10.707Z
576,"City of Mari","-1811-01-01",,"Founding a Trade Hub: Archaeologists believe Mari's founding stemmed from its strategic location on the west bank of the Euphrates River in Northern Mesopotamia (present-day eastern Syria) during the Early Bronze Age (around 3500-3000 BCE) and the Middle Bronze Age (around 3000-1550 BCE). This placed it perfectly for trade between Babylonia in southern Mesopotamia and the resource-rich Taurus Mountains of modern Turkey World History Encyclopedia. It's believed to have been one of the earliest planned cities, likely established as a trade hub and a center for copper and bronze-smelting World History Encyclopedia. Early Political Landscape (limited information): While details about the city's very beginnings are scarce, we do know Mari rose to prominence as a political entity by the mid-3rd millennium BCE Arch├⌐ologie | culture - Mari. Evidence from royal inscriptions in Sumerian cities, archives of Ebla (another prominent city-state), and documents unearthed in Mari itself point to a line of kings ruling Mari up until the last king of City II: Ishgi-Mari Arch├⌐ologie | culture - Mari. This early political history also suggests Mari was a rival of the powerful city of Ebla in western Syria between 2400 and 2300 BCE Arch├⌐ologie | culture - Mari. Destruction and Rebuilding: Around 2300 BCE, the Akkadian Empire, led by Sargon of Akkad, expanded and conquered Mari, destroying the city World History Encyclopedia. However, the Akkadians later allowed Mari to be rebuilt and even appointed a military governor to oversee it Wikipedia. With the Akkadian Empire's decline, Mari's governors became independent and rebuilt the city as a significant regional center along the Euphrates Wikipedia. Exploring Further: World History Encyclopedia: https://en.wikipedia.org/wiki/Mari,_Syria Arch├⌐ologie | culture - Mari: https://archeologie.culture.gouv.fr/mari/en Wikipedia: https://en.wikipedia.org/wiki/Mari,_Syria Britannica: https://www.britannica.com/place/Mari-ancient-city-Syria (This Britannica entry also mentions the excavations that unearthed much of our knowledge about Mari.)","General",false,false,2025-06-23T23:09:10.710Z,2025-06-23T23:09:10.710Z
577,"Yamhad","-1810-01-01",,,"General",false,false,2025-06-23T23:09:10.714Z,2025-06-23T23:09:10.714Z
578,"Nuragic Civilization","-1800-01-01",,,"General",false,false,2025-06-23T23:09:10.718Z,2025-06-23T23:09:10.718Z
579,"Hammurabi's Rule","-1792-01-01",,,"General",false,false,2025-06-23T23:09:10.721Z,2025-06-23T23:09:10.721Z
580,"Kussara","-1780-01-01",,,"General",false,false,2025-06-23T23:09:10.724Z,2025-06-23T23:09:10.724Z
581,"Consolidation of Amorite Power Under Zimrilim","-1775-01-01","-1759-01-01",,"General",false,false,2025-06-23T23:09:10.728Z,2025-06-23T23:09:10.728Z
582,"Code of Hammurabi","-1754-01-01",,,"General",false,false,2025-06-23T23:09:10.731Z,2025-06-23T23:09:10.731Z
583,"Mycenaean Greece","-1750-01-01",,,"General",false,false,2025-06-23T23:09:10.735Z,2025-06-23T23:09:10.735Z
584,"Nordic Bronze Age","-1750-01-01",,,"General",false,false,2025-06-23T23:09:10.738Z,2025-06-23T23:09:10.738Z
585,"Reign of Samsu-iluna","-1750-01-01",,,"General",false,false,2025-06-23T23:09:10.742Z,2025-06-23T23:09:10.742Z
586,"Poverty Point culture","-1730-01-01",,,"General",false,false,2025-06-23T23:09:10.745Z,2025-06-23T23:09:10.745Z
587,"First Dynasty of the Sealand","-1730-01-01","-1460-01-01",,"General",false,false,2025-06-23T23:09:10.748Z,2025-06-23T23:09:10.748Z
588,"Egyptian Second Intermediate Period","-1725-01-01",,,"General",false,false,2025-06-23T23:09:10.752Z,2025-06-23T23:09:10.752Z
589,"Terramare Culture","-1700-01-01",,,"General",false,false,2025-06-23T23:09:10.755Z,2025-06-23T23:09:10.755Z
590,"Hittite Empire","-1680-01-01",,,"General",false,false,2025-06-23T23:09:10.759Z,2025-06-23T23:09:10.759Z
591,"Hyksos invasion of Egypt","-1650-01-01",,,"General",false,false,2025-06-23T23:09:10.764Z,2025-06-23T23:09:10.764Z
592,"Basque People","-1600-01-01",,,"General",false,false,2025-06-23T23:09:10.767Z,2025-06-23T23:09:10.767Z
593,"Kingdom of Pylos","-1600-01-01",,,"General",false,false,2025-06-23T23:09:10.771Z,2025-06-23T23:09:10.771Z
594,"Minoan Frescoes in Akrotiri","-1600-01-01",,,"General",false,false,2025-06-23T23:09:10.775Z,2025-06-23T23:09:10.775Z
595,"Shang Dynasty","-1600-01-01",,,"General",false,false,2025-06-23T23:09:10.779Z,2025-06-23T23:09:10.779Z
596,"The Chinese writing system is fully developed","-1600-01-01",,,"General",false,false,2025-06-23T23:09:10.782Z,2025-06-23T23:09:10.782Z
597,"Ancient Cyprus","-1600-01-01",,,"General",false,false,2025-06-23T23:09:10.786Z,2025-06-23T23:09:10.786Z
598,"Middle Babylonian period","-1595-01-01",,,"General",false,false,2025-06-23T23:09:10.789Z,2025-06-23T23:09:10.789Z
599,"Egypt Dynasty XVII","-1580-01-01",,,"General",false,false,2025-06-23T23:09:10.793Z,2025-06-23T23:09:10.793Z
600,"Ancient Egypt","-1550-01-01",,,"General",false,false,2025-06-23T23:09:10.796Z,2025-06-23T23:09:10.796Z
601,"New Kingdom of Egypt","-1550-01-01",,,"General",false,false,2025-06-23T23:09:10.799Z,2025-06-23T23:09:10.799Z
602,"Late Bronze Age Canaan","-1550-01-01",,,"General",false,false,2025-06-23T23:09:10.803Z,2025-06-23T23:09:10.803Z
603,"Egypt subjugates the Nubians","-1540-01-01",,,"General",false,false,2025-06-23T23:09:10.806Z,2025-06-23T23:09:10.806Z
604,"Kingdom of Mitanni","-1500-01-01",,,"General",false,false,2025-06-23T23:09:10.809Z,2025-06-23T23:09:10.809Z
605,"Middle Elamite Period","-1500-01-01",,,"General",false,false,2025-06-23T23:09:10.813Z,2025-06-23T23:09:10.813Z
606,"The Nok culture","-1500-01-01",,,"General",false,false,2025-06-23T23:09:10.817Z,2025-06-23T23:09:10.817Z
607,"Ugarit Kingdom","-1500-01-01",,,"General",false,false,2025-06-23T23:09:10.820Z,2025-06-23T23:09:10.820Z
608,"Vedic Period","-1500-01-01",,,"General",false,false,2025-06-23T23:09:10.824Z,2025-06-23T23:09:10.824Z
609,"Hatshepsut","-1479-01-01",,,"General",false,false,2025-06-23T23:09:10.827Z,2025-06-23T23:09:10.827Z
610,"Battle of Megiddo","-1457-01-01",,,"General",false,false,2025-06-23T23:09:10.830Z,2025-06-23T23:09:10.830Z
611,"First Alphabet","-1400-01-01",,,"General",false,false,2025-06-23T23:09:10.834Z,2025-06-23T23:09:10.834Z
612,"Middle Assyrian Empire","-1365-01-01",,,"General",false,false,2025-06-23T23:09:10.837Z,2025-06-23T23:09:10.837Z
613,"Akhenaten IV becomes Egyptian pharaoh","-1354-01-01",,,"General",false,false,2025-06-23T23:09:10.841Z,2025-06-23T23:09:10.841Z
614,"Amarna Letters","-1351-01-01",,,"General",false,false,2025-06-23T23:09:10.845Z,2025-06-23T23:09:10.845Z
615,"Phoenicia","-1350-01-01",,,"Ancient Near East",false,false,2025-06-23T23:09:10.848Z,2025-06-23T23:09:10.848Z
616,"Tomb of the scribe Nebamun","-1350-01-01",,,"General",false,false,2025-06-23T23:09:10.852Z,2025-06-23T23:09:10.852Z
617,"Hittite New Kingdom","-1344-01-01",,,"General",false,false,2025-06-23T23:09:10.855Z,2025-06-23T23:09:10.855Z
618,"Bust of Queen Nefertiti","-1340-01-01",,,"General",false,false,2025-06-23T23:09:10.859Z,2025-06-23T23:09:10.859Z
619,"Uluburun shipwreck","-1327-01-01",,,"General",false,false,2025-06-23T23:09:10.862Z,2025-06-23T23:09:10.862Z
620,"Pharaoh Tutankhamun buried","-1323-01-01",,,"General",false,false,2025-06-23T23:09:10.865Z,2025-06-23T23:09:10.865Z
621,"Political rise of the Elamite king Untash-Napirisha","-1300-01-01",,,"General",false,false,2025-06-23T23:09:10.869Z,2025-06-23T23:09:10.869Z
622,"Egypt Dynasty XIX","-1292-01-01",,,"General",false,false,2025-06-23T23:09:10.872Z,2025-06-23T23:09:10.872Z
623,"Nefertari","-1292-01-01",,,"General",false,false,2025-06-23T23:09:10.876Z,2025-06-23T23:09:10.876Z
624,"Lycia","-1280-01-01",,,"General",false,false,2025-06-23T23:09:10.880Z,2025-06-23T23:09:10.880Z
625,"Ramesses II","-1279-01-01",,,"General",false,false,2025-06-23T23:09:10.883Z,2025-06-23T23:09:10.883Z
626,"Battle of Kadesh","-1274-01-01",,,"General",false,false,2025-06-23T23:09:10.887Z,2025-06-23T23:09:10.887Z
627,"Peace treaty between Egypt and the Hittites","-1259-01-01",,,"General",false,false,2025-06-23T23:09:10.890Z,2025-06-23T23:09:10.890Z
628,"Tlaxcallan Culture","-1250-01-01",,,"General",false,false,2025-06-23T23:09:10.894Z,2025-06-23T23:09:10.894Z
629,"Tollense Valley","-1250-01-01",,,"General",false,false,2025-06-23T23:09:10.897Z,2025-06-23T23:09:10.897Z
630,"Ancestral Pueblo culture","-1200-01-01",,,"General",false,false,2025-06-23T23:09:10.901Z,2025-06-23T23:09:10.901Z
631,"Greek Dark Ages","-1200-01-01",,,"General",false,false,2025-06-23T23:09:10.904Z,2025-06-23T23:09:10.904Z
632,"Hallstatt Culture","-1200-01-01",,,"General",false,false,2025-06-23T23:09:10.908Z,2025-06-23T23:09:10.908Z
633,"Iron Age","-1200-01-01",,,"General",false,false,2025-06-23T23:09:10.911Z,2025-06-23T23:09:10.911Z
634,"Kingdom of Phrygia","-1200-01-01",,,"General",false,false,2025-06-23T23:09:10.915Z,2025-06-23T23:09:10.915Z
635,"Olmec civilization","-1200-01-01",,,"General",false,false,2025-06-23T23:09:10.918Z,2025-06-23T23:09:10.918Z
636,"Egypt Dynasty XX","-1189-01-01",,,"General",false,false,2025-06-23T23:09:10.921Z,2025-06-23T23:09:10.921Z
637,"Ramesses III","-1186-01-01",,,"General",false,false,2025-06-23T23:09:10.925Z,2025-06-23T23:09:10.925Z
638,"The Greeks capture Troy","-1184-01-01",,,"General",false,false,2025-06-23T23:09:10.929Z,2025-06-23T23:09:10.929Z
639,"Mycenaean Post-Palatial Period","-1180-01-01","-1000-01-01",,"General",false,false,2025-06-23T23:09:10.932Z,2025-06-23T23:09:10.932Z
640,"Egyptian forces defeat the Sea Peoples","-1178-01-01",,,"General",false,false,2025-06-23T23:09:10.935Z,2025-06-23T23:09:10.935Z
641,"Philistia","-1175-01-01",,,"General",false,false,2025-06-23T23:09:10.939Z,2025-06-23T23:09:10.939Z
642,"Rule of Nebuchadnezzar I","-1121-01-01",,,"General",false,false,2025-06-23T23:09:10.943Z,2025-06-23T23:09:10.943Z
643,"Reign of Tiglath-Pileser I","-1114-01-01","-1077-01-01",,"General",false,false,2025-06-23T23:09:10.946Z,2025-06-23T23:09:10.946Z
644,"Bronze Age Collapse","-1100-01-01",,,"General",false,false,2025-06-23T23:09:10.950Z,2025-06-23T23:09:10.950Z
645,"Kush achieves independence from Egypt","-1090-01-01",,,"General",false,false,2025-06-23T23:09:10.953Z,2025-06-23T23:09:10.953Z
646,"Napatan and Meroitic kingdoms","-1070-01-01",,,"General",false,false,2025-06-23T23:09:10.957Z,2025-06-23T23:09:10.957Z
647,"Third Intermediate Period of Egypt","-1069-01-01",,,"General",false,false,2025-06-23T23:09:10.960Z,2025-06-23T23:09:10.960Z
648,"The Phoenician alphabet","-1050-01-01",,,"General",false,false,2025-06-23T23:09:10.964Z,2025-06-23T23:09:10.964Z
649,"Zhou Dynasty","-1046-01-01",,,"General",false,false,2025-06-23T23:09:10.967Z,2025-06-23T23:09:10.967Z
650,"Second Dynasty of the Sealand","-1021-01-01",,,"General",false,false,2025-06-23T23:09:10.971Z,2025-06-23T23:09:10.971Z
651,"I Ching is written","-1000-01-01",,,"General",false,false,2025-06-23T23:09:10.974Z,2025-06-23T23:09:10.974Z
652,"Medicine Wheels of the Great Plains","-1000-01-01",,,"General",false,false,2025-06-23T23:09:10.979Z,2025-06-23T23:09:10.979Z
653,"Thracian Culture","-1000-01-01",,,"General",false,false,2025-06-23T23:09:10.983Z,2025-06-23T23:09:10.983Z
654,"Latins Culture","-1000-01-01",,,"General",false,false,2025-06-23T23:09:10.987Z,2025-06-23T23:09:10.987Z
655,"Egypt Dynasty XXII","-0943-01-01",,,"General",false,false,2025-06-23T23:09:10.990Z,2025-06-23T23:09:10.990Z
656,"Neo-Assyrian Empire","-0911-01-01",,,"General",false,false,2025-06-23T23:09:10.994Z,2025-06-23T23:09:10.994Z
657,"Cascajal Block","-0900-01-01",,,"General",false,false,2025-06-23T23:09:10.997Z,2025-06-23T23:09:10.997Z
658,"Chav├¡n civilization","-0900-01-01",,,"General",false,false,2025-06-23T23:09:11.001Z,2025-06-23T23:09:11.001Z
659,"Etruscan civilization","-0900-01-01",,,"General",false,false,2025-06-23T23:09:11.004Z,2025-06-23T23:09:11.004Z
660,"The Hebrews","-0900-01-01",,,"General",false,false,2025-06-23T23:09:11.008Z,2025-06-23T23:09:11.008Z
661,"Kingdom of Urartu","-0860-01-01",,,"General",false,false,2025-06-23T23:09:11.011Z,2025-06-23T23:09:11.011Z
662,"Carthage settled","-0846-01-01",,,"General",false,false,2025-06-23T23:09:11.015Z,2025-06-23T23:09:11.015Z
663,"Archaic Greece","-0800-01-01",,,"General",false,false,2025-06-23T23:09:11.018Z,2025-06-23T23:09:11.018Z
664,"Development of the Spartan Social System","-0800-01-01",,,"General",false,false,2025-06-23T23:09:11.021Z,2025-06-23T23:09:11.021Z
665,"Illyria","-0800-01-01",,,"General",false,false,2025-06-23T23:09:11.025Z,2025-06-23T23:09:11.025Z
666,"Iron Age Britain","-0800-01-01",,,"General",false,false,2025-06-23T23:09:11.028Z,2025-06-23T23:09:11.028Z
667,"Kingdom of Qedar","-0800-01-01",,,"General",false,false,2025-06-23T23:09:11.032Z,2025-06-23T23:09:11.032Z
668,"Magyars","-0800-01-01",,,"General",false,false,2025-06-23T23:09:11.035Z,2025-06-23T23:09:11.035Z
669,"Mississippian Culture","-0800-01-01",,,"General",false,false,2025-06-23T23:09:11.039Z,2025-06-23T23:09:11.039Z
670,"Tagar Culture","-0800-01-01","-0168-01-01",,"General",false,false,2025-06-23T23:09:11.042Z,2025-06-23T23:09:11.042Z
671,"Kingdom of Kush","-0780-01-01",,,"General",false,false,2025-06-23T23:09:11.046Z,2025-06-23T23:09:11.046Z
672,"First Olympic Games","-0776-01-01",,,"General",false,false,2025-06-23T23:09:11.049Z,2025-06-23T23:09:11.049Z
673,"Founding of Rome","-0753-04-21",,,"General",false,false,2025-06-23T23:09:11.053Z,2025-06-23T23:09:11.053Z
674,"Ancient Rome","-0753-01-01",,,"General",false,false,2025-06-23T23:09:11.056Z,2025-06-23T23:09:11.056Z
675,"The Regal Period","-0753-01-01",,,"General",false,false,2025-06-23T23:09:11.060Z,2025-06-23T23:09:11.060Z
676,"Greek Symposium Begins","-0750-01-01",,,"General",false,false,2025-06-23T23:09:11.063Z,2025-06-23T23:09:11.063Z
677,"Kingdom of Colchis","-0750-01-01",,,"General",false,false,2025-06-23T23:09:11.067Z,2025-06-23T23:09:11.067Z
678,"First Messenian War","-0743-01-01",,,"General",false,false,2025-06-23T23:09:11.070Z,2025-06-23T23:09:11.070Z
679,"Egypt Dynasty XXIV","-0732-01-01",,,"General",false,false,2025-06-23T23:09:11.075Z,2025-06-23T23:09:11.075Z
680,"The Iliad","-0725-01-01",,,"General",false,false,2025-06-23T23:09:11.079Z,2025-06-23T23:09:11.079Z
681,"The Assyrians conquer Israel","-0722-01-01",,,"General",false,false,2025-06-23T23:09:11.082Z,2025-06-23T23:09:11.082Z
682,"Lelantine War","-0720-01-01","01-01-0651",,"General",false,false,2025-06-23T23:09:11.086Z,2025-06-23T23:09:11.086Z
683,"New Assyrian capital at Dur-Sharrukin","-0717-01-01",,,"General",false,false,2025-06-23T23:09:11.089Z,2025-06-23T23:09:11.089Z
684,"ArchimedesΓÇÖ Screw is invented","-0700-01-01",,,"General",false,false,2025-06-23T23:09:11.093Z,2025-06-23T23:09:11.093Z
685,"First lock and key that requires a keyhole","-0700-01-01",,,"General",false,false,2025-06-23T23:09:11.097Z,2025-06-23T23:09:11.097Z
686,"Scythians","-0700-01-01",,,"General",false,false,2025-06-23T23:09:11.100Z,2025-06-23T23:09:11.100Z
687,"Shintoism develops","-0700-01-01",,,"General",false,false,2025-06-23T23:09:11.103Z,2025-06-23T23:09:11.103Z
688,"The first umbrellas","-0700-01-01",,,"General",false,false,2025-06-23T23:09:11.107Z,2025-06-23T23:09:11.107Z
689,"The Odyssey","-0700-01-01",,,"General",false,false,2025-06-23T23:09:11.110Z,2025-06-23T23:09:11.110Z
690,"Zapotec civilization","-0700-01-01",,,"General",false,false,2025-06-23T23:09:11.114Z,2025-06-23T23:09:11.114Z
691,"Destruction of Babylon","-0689-01-01",,,"General",false,false,2025-06-23T23:09:11.117Z,2025-06-23T23:09:11.117Z
692,"Median kingdom","-0678-01-01",,,"General",false,false,2025-06-23T23:09:11.121Z,2025-06-23T23:09:11.121Z
693,"Esarhaddon Prism","-0672-01-01",,,"General",false,false,2025-06-23T23:09:11.124Z,2025-06-23T23:09:11.124Z
694,"Rule of Ashurbanipal","-0669-01-01",,,"General",false,false,2025-06-23T23:09:11.128Z,2025-06-23T23:09:11.128Z
695,"The Assyrians conquer Egypt","-0668-01-01",,,"General",false,false,2025-06-23T23:09:11.131Z,2025-06-23T23:09:11.131Z
696,"Egypt's Late Period","-0664-01-01",,,"General",false,false,2025-06-23T23:09:11.135Z,2025-06-23T23:09:11.135Z
697,"Second Messenian War Ends","-0650-01-01",,,"General",false,false,2025-06-23T23:09:11.138Z,2025-06-23T23:09:11.138Z
698,"The Lion Hunt Frieze","-0646-01-01",,,"General",false,false,2025-06-23T23:09:11.142Z,2025-06-23T23:09:11.142Z
699,"Kingdom of Lydia","-0630-01-01",,,"General",false,false,2025-06-23T23:09:11.148Z,2025-06-23T23:09:11.148Z
700,"Neo-Babylonian Empire","-0626-01-01",,,"General",false,false,2025-06-23T23:09:11.155Z,2025-06-23T23:09:11.155Z
701,"Tao Te Ching","-0624-01-01",,,"General",false,false,2025-06-23T23:09:11.162Z,2025-06-23T23:09:11.162Z
702,"First Athenian constitution","-0621-01-01",,,"General",false,false,2025-06-23T23:09:11.169Z,2025-06-23T23:09:11.169Z
703,"Fall of the Assyrian Empire","-0612-01-01",,,"General",false,false,2025-06-23T23:09:11.175Z,2025-06-23T23:09:11.175Z
704,"Sappho","-0610-01-01",,,"General",false,false,2025-06-23T23:09:11.182Z,2025-06-23T23:09:11.182Z
705,"Battle of Carchemish","-0605-01-01",,,"General",false,false,2025-06-23T23:09:11.185Z,2025-06-23T23:09:11.185Z
706,"Early Macedonia","-0600-01-01",,,"General",false,false,2025-06-23T23:09:11.189Z,2025-06-23T23:09:11.189Z
707,"AesopΓÇÖs Fables","-0600-01-01",,,"General",false,false,2025-06-23T23:09:11.192Z,2025-06-23T23:09:11.192Z
708,"Kingdom of Magadha","-0600-01-01",,,"General",false,false,2025-06-23T23:09:11.196Z,2025-06-23T23:09:11.196Z
709,"Kouros sculptures","-0600-01-01",,,"General",false,false,2025-06-23T23:09:11.200Z,2025-06-23T23:09:11.200Z
710,"Lihyanite Kingdom","-0600-01-01",,,"General",false,false,2025-06-23T23:09:11.203Z,2025-06-23T23:09:11.203Z
711,"Sao Culture","-0600-01-01",,,"General",false,false,2025-06-23T23:09:11.207Z,2025-06-23T23:09:11.207Z
712,"The 16 Mahajanapadas","-0600-01-01",,,"General",false,false,2025-06-23T23:09:11.210Z,2025-06-23T23:09:11.210Z
713,"The crossbow is invented","-0600-01-01",,,"General",false,false,2025-06-23T23:09:11.214Z,2025-06-23T23:09:11.214Z
714,"The Classic of Poetry","-0600-01-01",,,"General",false,false,2025-06-23T23:09:11.217Z,2025-06-23T23:09:11.217Z
715,"Zoroastrianism","-0600-01-01",,,"General",false,false,2025-06-23T23:09:11.221Z,2025-06-23T23:09:11.221Z
716,"Solon begins legal reforms","-0594-01-01",,,"General",false,false,2025-06-23T23:09:11.224Z,2025-06-23T23:09:11.224Z
717,"Babylonians take Jerusalem","-0587-01-01",,,"General",false,false,2025-06-23T23:09:11.228Z,2025-06-23T23:09:11.228Z
718,"Reign of Croesus","-0585-01-01",,,"General",false,false,2025-06-23T23:09:11.231Z,2025-06-23T23:09:11.231Z
719,"Greek Colony of Acragas","-0580-01-01",,,"General",false,false,2025-06-23T23:09:11.235Z,2025-06-23T23:09:11.235Z
720,"Ishtar Gate in Babylon","-0575-01-01",,,"General",false,false,2025-06-23T23:09:11.238Z,2025-06-23T23:09:11.238Z
721,"Pythagoras","-0570-01-01",,,"General",false,false,2025-06-23T23:09:11.242Z,2025-06-23T23:09:11.242Z
722,"Accession of Jimmu","-0560-01-01",,,"General",false,false,2025-06-23T23:09:11.245Z,2025-06-23T23:09:11.245Z
723,"The Avesta","-0559-01-01",,,"General",false,false,2025-06-23T23:09:11.249Z,2025-06-23T23:09:11.249Z
724,"Cyrus the Great's Reign","-0558-01-01",,,"General",false,false,2025-06-23T23:09:11.253Z,2025-06-23T23:09:11.253Z
725,"Confucius","-0551-01-01",,,"General",false,false,2025-06-23T23:09:11.256Z,2025-06-23T23:09:11.256Z
726,"Achaemenid Persian Empire","-0550-01-01",,,"General",false,false,2025-06-23T23:09:11.260Z,2025-06-23T23:09:11.260Z
727,"Persian Empire","-0550-01-01",,,"General",false,false,2025-06-23T23:09:11.263Z,2025-06-23T23:09:11.263Z
728,"Cyrus conquers Babylon","-0539-01-01",,,"General",false,false,2025-06-23T23:09:11.266Z,2025-06-23T23:09:11.266Z
729,"Asuka Period","-0538-01-01",,,"General",false,false,2025-06-23T23:09:11.270Z,2025-06-23T23:09:11.270Z
730,"Lucius Tarquinius Superbus","-0535-01-01",,,"General",false,false,2025-06-23T23:09:11.273Z,2025-06-23T23:09:11.273Z
731,"Buddha's Great Renunciation","-0534-01-01",,,"General",false,false,2025-06-23T23:09:11.277Z,2025-06-23T23:09:11.277Z
732,"Theatre of Dionysus","-0532-01-01",,,"General",false,false,2025-06-23T23:09:11.281Z,2025-06-23T23:09:11.281Z
733,"Egypt Dynasty 27","-0525-01-01",,,"General",false,false,2025-06-23T23:09:11.284Z,2025-06-23T23:09:11.284Z
734,"Persia conquers Egypt","-0525-01-01",,,"General",false,false,2025-06-23T23:09:11.287Z,2025-06-23T23:09:11.287Z
735,"Darius I's Reign","-0522-01-01",,,"General",false,false,2025-06-23T23:09:11.291Z,2025-06-23T23:09:11.291Z
736,"City of Persepolis","-0515-01-01",,,"General",false,false,2025-06-23T23:09:11.294Z,2025-06-23T23:09:11.294Z
737,"The Euphronios Krater","-0515-01-01",,,"General",false,false,2025-06-23T23:09:11.298Z,2025-06-23T23:09:11.298Z
738,"Roman Republic","-0509-01-01",,,"General",false,false,2025-06-23T23:09:11.301Z,2025-06-23T23:09:11.301Z
739,"Athens adopts democracy","-0508-01-01",,,"General",false,false,2025-06-23T23:09:11.305Z,2025-06-23T23:09:11.305Z
740,"Cast iron developed","-0500-01-01",,,"General",false,false,2025-06-23T23:09:11.308Z,2025-06-23T23:09:11.308Z
741,"Invention of the moldboard plow","-0500-01-01",,,"General",false,false,2025-06-23T23:09:11.312Z,2025-06-23T23:09:11.312Z
742,"Story of Ahikar","-0500-01-01",,,"General",false,false,2025-06-23T23:09:11.315Z,2025-06-23T23:09:11.315Z
743,"Sun TzuΓÇÖs Art of War","-0500-01-01",,,"General",false,false,2025-06-23T23:09:11.319Z,2025-06-23T23:09:11.319Z
744,"Tartessos","-0500-01-01",,,"General",false,false,2025-06-23T23:09:11.322Z,2025-06-23T23:09:11.322Z
745,"Temples at Paestum","-0500-01-01",,,"General",false,false,2025-06-23T23:09:11.325Z,2025-06-23T23:09:11.325Z
746,"Wari Culture","-0500-01-01","1000-01-01",,"General",false,false,2025-06-23T23:09:11.329Z,2025-06-23T23:09:11.329Z
747,"Battle of Marathon","-0490-09-10",,,"General",false,false,2025-06-23T23:09:11.332Z,2025-06-23T23:09:11.332Z
748,"Classical Greece","-0490-01-01",,,"General",false,false,2025-06-23T23:09:11.336Z,2025-06-23T23:09:11.336Z
749,"Battle of Salamis","-0480-09-26",,,"General",false,false,2025-06-23T23:09:11.340Z,2025-06-23T23:09:11.340Z
750,"Battle of Thermopylae","-0480-01-01",,,"General",false,false,2025-06-23T23:09:11.344Z,2025-06-23T23:09:11.344Z
751,"Euripides","-0480-01-01",,,"General",false,false,2025-06-23T23:09:11.347Z,2025-06-23T23:09:11.347Z
752,"Kritios Boy","-0480-01-01",,,"General",false,false,2025-06-23T23:09:11.350Z,2025-06-23T23:09:11.350Z
753,"Battle of Plataea","-0479-08-01",,,"General",false,false,2025-06-23T23:09:11.354Z,2025-06-23T23:09:11.354Z
754,"Warring States period begins","-0475-01-01",,,"General",false,false,2025-06-23T23:09:11.358Z,2025-06-23T23:09:11.358Z
755,"Socrates","-0470-01-01",,,"General",false,false,2025-06-23T23:09:11.361Z,2025-06-23T23:09:11.361Z
756,"Earthquake in Sparta","-0464-01-01",,,"General",false,false,2025-06-23T23:09:11.365Z,2025-06-23T23:09:11.365Z
757,"Democritus","-0460-01-01",,,"General",false,false,2025-06-23T23:09:11.369Z,2025-06-23T23:09:11.369Z
758,"Hippocrates","-0460-01-01",,,"General",false,false,2025-06-23T23:09:11.372Z,2025-06-23T23:09:11.372Z
759,"Pericles becomes leader of Athens","-0460-01-01",,,"General",false,false,2025-06-23T23:09:11.376Z,2025-06-23T23:09:11.376Z
760,"The Discus Thrower","-0460-01-01",,,"General",false,false,2025-06-23T23:09:11.379Z,2025-06-23T23:09:11.379Z
761,"The Riace Bronzes","-0460-01-01",,,"General",false,false,2025-06-23T23:09:11.383Z,2025-06-23T23:09:11.383Z
762,"The Oresteia Trilogy","-0458-01-01",,,"General",false,false,2025-06-23T23:09:11.387Z,2025-06-23T23:09:11.387Z
763,"Artemision Bronze","-0450-01-01",,,"General",false,false,2025-06-23T23:09:11.391Z,2025-06-23T23:09:11.391Z
764,"Basse-Yutz flagons","-0450-01-01",,,"General",false,false,2025-06-23T23:09:11.394Z,2025-06-23T23:09:11.394Z
765,"La T├¿ne culture","-0450-01-01",,,"General",false,false,2025-06-23T23:09:11.398Z,2025-06-23T23:09:11.398Z
766,"Oedipus the King","-0450-01-01",,,"General",false,false,2025-06-23T23:09:11.401Z,2025-06-23T23:09:11.401Z
767,"Antigone","-0441-01-01",,,"General",false,false,2025-06-23T23:09:11.405Z,2025-06-23T23:09:11.405Z
768,"The Histories","-0441-01-01",,,"General",false,false,2025-06-23T23:09:11.408Z,2025-06-23T23:09:11.408Z
769,"Theory of atomism in Greece","-0440-01-01",,,"General",false,false,2025-06-23T23:09:11.412Z,2025-06-23T23:09:11.412Z
770,"Statue of Athena","-0438-01-01",,,"General",false,false,2025-06-23T23:09:11.416Z,2025-06-23T23:09:11.416Z
771,"Statue of Zeus","-0435-01-01",,,"General",false,false,2025-06-23T23:09:11.419Z,2025-06-23T23:09:11.419Z
772,"The Parthenon","-0432-01-01",,,"General",false,false,2025-06-23T23:09:11.423Z,2025-06-23T23:09:11.423Z
773,"Medea","-0431-01-01",,,"General",false,false,2025-06-23T23:09:11.426Z,2025-06-23T23:09:11.426Z
774,"Peloponnesian War","-0431-01-01",,,"General",false,false,2025-06-23T23:09:11.430Z,2025-06-23T23:09:11.430Z
775,"Plague in Athens","-0431-01-01",,,"General",false,false,2025-06-23T23:09:11.433Z,2025-06-23T23:09:11.433Z
776,"Mytilenean revolt","-0428-01-01","-0008-01-01",,"General",false,false,2025-06-23T23:09:11.437Z,2025-06-23T23:09:11.437Z
777,"Plato","-0427-01-01",,,"General",false,false,2025-06-23T23:09:11.441Z,2025-06-23T23:09:11.441Z
778,"Lysistrata","-0411-01-01",,,"General",false,false,2025-06-23T23:09:11.445Z,2025-06-23T23:09:11.445Z
779,"Hippocratic Corpus","-0410-01-01",,,"General",false,false,2025-06-23T23:09:11.448Z,2025-06-23T23:09:11.448Z
780,"The Bacchae","-0405-01-01",,,"General",false,false,2025-06-23T23:09:11.452Z,2025-06-23T23:09:11.452Z
781,"The Erechtheion is built","-0405-01-01",,,"General",false,false,2025-06-23T23:09:11.455Z,2025-06-23T23:09:11.455Z
782,"Kingdom of Aksum","-0400-01-01",,,"General",false,false,2025-06-23T23:09:11.459Z,2025-06-23T23:09:11.459Z
783,"Nabatean Kingdom","-0400-01-01",,,"General",false,false,2025-06-23T23:09:11.463Z,2025-06-23T23:09:11.463Z
784,"The Birds by Aristophanes","-0400-01-01",,,"General",false,false,2025-06-23T23:09:11.467Z,2025-06-23T23:09:11.467Z
785,"The Bhagavad-Gita","-0400-01-01",,,"General",false,false,2025-06-23T23:09:11.470Z,2025-06-23T23:09:11.470Z
786,"The Peloponnesian War, by Thucydides","-0400-01-01",,,"General",false,false,2025-06-23T23:09:11.474Z,2025-06-23T23:09:11.474Z
787,"The Apology and the Crito","-0399-01-01",,,"General",false,false,2025-06-23T23:09:11.477Z,2025-06-23T23:09:11.477Z
788,"The Celts sack Rome","-0388-01-01",,,"General",false,false,2025-06-23T23:09:11.481Z,2025-06-23T23:09:11.481Z
789,"Aristotle","-0384-01-01",,,"General",false,false,2025-06-23T23:09:11.484Z,2025-06-23T23:09:11.484Z
790,"Battle of Leuctra","-0371-07-06",,,"General",false,false,2025-06-23T23:09:11.488Z,2025-06-23T23:09:11.488Z
791,"Philip II of Macedon","-0359-01-01",,,"General",false,false,2025-06-23T23:09:11.492Z,2025-06-23T23:09:11.492Z
792,"Statue of Apollo","-0350-01-01",,,"General",false,false,2025-06-23T23:09:11.495Z,2025-06-23T23:09:11.495Z
793,"The Mausoleum of Helicarnassus","-0350-01-01",,,"General",false,false,2025-06-23T23:09:11.499Z,2025-06-23T23:09:11.499Z
794,"The Recognition of Sakuntala","-0350-01-01",,,"General",false,false,2025-06-23T23:09:11.502Z,2025-06-23T23:09:11.502Z
795,"Aristotle begins tutoring Alexander","-0343-01-01",,,"General",false,false,2025-06-23T23:09:11.506Z,2025-06-23T23:09:11.506Z
796,"Marathon Boy","-0340-01-01",,,"General",false,false,2025-06-23T23:09:11.509Z,2025-06-23T23:09:11.509Z
797,"Nanda Empire begins","-0340-01-01",,,"General",false,false,2025-06-23T23:09:11.513Z,2025-06-23T23:09:11.513Z
798,"Battle of Chaeronea","-0338-08-02",,,"General",false,false,2025-06-23T23:09:11.516Z,2025-06-23T23:09:11.516Z
799,"Reign of Alexander the Great","-0336-01-01",,,"General",false,false,2025-06-23T23:09:11.520Z,2025-06-23T23:09:11.520Z
800,"Aristotle founds the Lyceum","-0335-01-01",,,"General",false,false,2025-06-23T23:09:11.523Z,2025-06-23T23:09:11.523Z
801,"Aristotle writes multiple works","-0335-01-01",,,"General",false,false,2025-06-23T23:09:11.526Z,2025-06-23T23:09:11.526Z
802,"Battle of Issus","-0333-11-05",,,"General",false,false,2025-06-23T23:09:11.530Z,2025-06-23T23:09:11.530Z
803,"Egypt's Ptolomaic Period","-0332-01-01",,,"General",false,false,2025-06-23T23:09:11.534Z,2025-06-23T23:09:11.534Z
804,"Battle of Gaugamela","-0331-10-01",,,"General",false,false,2025-06-23T23:09:11.537Z,2025-06-23T23:09:11.537Z
805,"Battle of the Hydaspes","-0326-05-01",,,"General",false,false,2025-06-23T23:09:11.541Z,2025-06-23T23:09:11.541Z
806,"Hellenistic Greece","-0323-01-01",,,"General",false,false,2025-06-23T23:09:11.544Z,2025-06-23T23:09:11.544Z
807,"Lysimachus","-0323-01-01",,,"General",false,false,2025-06-23T23:09:11.548Z,2025-06-23T23:09:11.548Z
808,"Mauryan Empire founded","-0322-01-01",,,"General",false,false,2025-06-23T23:09:11.552Z,2025-06-23T23:09:11.552Z
809,"Xiongnu Confederation","-0318-01-01",,,"General",false,false,2025-06-23T23:09:11.555Z,2025-06-23T23:09:11.555Z
810,"Seleucid Empire","-0312-01-01",,,"General",false,false,2025-06-23T23:09:11.559Z,2025-06-23T23:09:11.559Z
811,"Ashoka the Great","-0304-01-01",,,"General",false,false,2025-06-23T23:09:11.563Z,2025-06-23T23:09:11.563Z
812,"Earliest known inscription in the Mayan language","-0300-01-01",,,"General",false,false,2025-06-23T23:09:11.567Z,2025-06-23T23:09:11.567Z
813,"EuclidΓÇÖs Elements","-0300-01-01",,,"General",false,false,2025-06-23T23:09:11.570Z,2025-06-23T23:09:11.570Z
814,"First known watermill","-0300-01-01",,,"General",false,false,2025-06-23T23:09:11.574Z,2025-06-23T23:09:11.574Z
815,"Great Pyramid of Cholula","-0300-01-01",,,"General",false,false,2025-06-23T23:09:11.577Z,2025-06-23T23:09:11.577Z
816,"Mahabharata","-0300-01-01",,,"General",false,false,2025-06-23T23:09:11.581Z,2025-06-23T23:09:11.581Z
817,"Panchatantra","-0300-01-01",,,"General",false,false,2025-06-23T23:09:11.584Z,2025-06-23T23:09:11.584Z
818,"Roman Imperialism","-0300-01-01",,,"General",false,false,2025-06-23T23:09:11.588Z,2025-06-23T23:09:11.588Z
819,"Yayoi Period","-0300-01-01",,,"General",false,false,2025-06-23T23:09:11.592Z,2025-06-23T23:09:11.592Z
820,"Archimedes","-0287-01-01",,,"General",false,false,2025-06-23T23:09:11.599Z,2025-06-23T23:09:11.599Z
821,"First true lock is built in the Canal of the Pharoahs","-0285-01-01",,,"General",false,false,2025-06-23T23:09:11.602Z,2025-06-23T23:09:11.602Z
822,"Colossus of Rhodes","-0280-01-01",,,"General",false,false,2025-06-23T23:09:11.606Z,2025-06-23T23:09:11.606Z
823,"Lighthouse of Alexandria","-0280-01-01",,,"General",false,false,2025-06-23T23:09:11.609Z,2025-06-23T23:09:11.609Z
824,"Pyrrhic War","-0280-01-01",,,"General",false,false,2025-06-23T23:09:11.613Z,2025-06-23T23:09:11.613Z
825,"Celtic Anatolia - Galatia","-0278-01-01",,,"General",false,false,2025-06-23T23:09:11.616Z,2025-06-23T23:09:11.616Z
826,"Constantine the Great","-0272-01-01",,,"General",false,false,2025-06-23T23:09:11.623Z,2025-06-23T23:09:11.623Z
827,"Amaravati Stupa","-0250-01-01",,,"General",false,false,2025-06-23T23:09:11.630Z,2025-06-23T23:09:11.630Z
828,"Ashoka the Great begins erecting stone pillars","-0250-01-01",,,"General",false,false,2025-06-23T23:09:11.636Z,2025-06-23T23:09:11.636Z
829,"Classic Period of Mayan civilization","-0250-01-01",,,"General",false,false,2025-06-23T23:09:11.643Z,2025-06-23T23:09:11.643Z
830,"Temple of Artemis at Ephesus","-0250-01-01",,,"General",false,false,2025-06-23T23:09:11.646Z,2025-06-23T23:09:11.646Z
831,"The Roman Republic annexes Sardinia and Corsica","-0238-01-01",,,"General",false,false,2025-06-23T23:09:11.650Z,2025-06-23T23:09:11.650Z
832,"Dying Gaul","-0230-01-01",,,"General",false,false,2025-06-23T23:09:11.654Z,2025-06-23T23:09:11.654Z
833,"Qin Dynasty","-0221-01-01",,,"General",false,false,2025-06-23T23:09:11.657Z,2025-06-23T23:09:11.657Z
834,"Nan Viet","-0220-01-01",,,"General",false,false,2025-06-23T23:09:11.661Z,2025-06-23T23:09:11.661Z
835,"Battle of Cannae","-0216-08-02",,,"General",false,false,2025-06-23T23:09:11.665Z,2025-06-23T23:09:11.665Z
836,"Terracotta Army","-0208-01-01",,,"General",false,false,2025-06-23T23:09:11.668Z,2025-06-23T23:09:11.668Z
837,"Battle of the Metaurus River","-0207-06-23",,,"General",false,false,2025-06-23T23:09:11.672Z,2025-06-23T23:09:11.672Z
838,"First Great Wall of China","-0206-01-01",,,"General",false,false,2025-06-23T23:09:11.675Z,2025-06-23T23:09:11.675Z
839,"Han Dynasty","-0206-01-01",,,"General",false,false,2025-06-23T23:09:11.679Z,2025-06-23T23:09:11.679Z
840,"Battle of Zama","-0202-10-19",,,"General",false,false,2025-06-23T23:09:11.683Z,2025-06-23T23:09:11.683Z
841,"City of Petra is founded","-0200-01-01",,,"General",false,false,2025-06-23T23:09:11.686Z,2025-06-23T23:09:11.686Z
842,"Founding of Teotihuacan","-0200-01-01",,,"General",false,false,2025-06-23T23:09:11.690Z,2025-06-23T23:09:11.690Z
843,"Invention of paper","-0200-01-01",,,"General",false,false,2025-06-23T23:09:11.693Z,2025-06-23T23:09:11.693Z
844,"Nazca culture","-0200-01-01",,,"General",false,false,2025-06-23T23:09:11.697Z,2025-06-23T23:09:11.697Z
845,"On Conic Sections","-0200-01-01",,,"General",false,false,2025-06-23T23:09:11.701Z,2025-06-23T23:09:11.701Z
846,"Battle of Magnesia","-0190-01-01",,,"General",false,false,2025-06-23T23:09:11.704Z,2025-06-23T23:09:11.704Z
847,"Hipparchus of Nicaea","-0190-01-01",,,"General",false,false,2025-06-23T23:09:11.708Z,2025-06-23T23:09:11.708Z
848,"Winged Victory of Samothrace and The Three Graces","-0190-01-01",,,"General",false,false,2025-06-23T23:09:11.711Z,2025-06-23T23:09:11.711Z
849,"Pergamon Altar","-0180-01-01",,,"General",false,false,2025-06-23T23:09:11.715Z,2025-06-23T23:09:11.715Z
850,"On the Natural Faculties","-0171-01-01",,,"General",false,false,2025-06-23T23:09:11.718Z,2025-06-23T23:09:11.718Z
851,"Battle of Pydna","-0168-06-22",,,"General",false,false,2025-06-23T23:09:11.722Z,2025-06-23T23:09:11.722Z
852,"Kingdom of Judea achieves independence from the Seleucid Persians","-0160-01-01",,,"General",false,false,2025-06-23T23:09:11.726Z,2025-06-23T23:09:11.726Z
853,"Astrolabe is invented","-0150-01-01",,,"General",false,false,2025-06-23T23:09:11.729Z,2025-06-23T23:09:11.729Z
854,"Destruction of Carthage","-0146-01-01",,,"General",false,false,2025-06-23T23:09:11.733Z,2025-06-23T23:09:11.733Z
855,"Roman armies conquer Greece","-0146-01-01",,,"General",false,false,2025-06-23T23:09:11.736Z,2025-06-23T23:09:11.736Z
856,"Roman conquest of Iberia is complete","-0133-01-01",,,"General",false,false,2025-06-23T23:09:11.740Z,2025-06-23T23:09:11.740Z
857,"Silk Road Established","-0114-01-01",,,"General",false,false,2025-06-23T23:09:11.743Z,2025-06-23T23:09:11.743Z
858,"Records of the Grand Historian","-0109-01-01",,,"General",false,false,2025-06-23T23:09:11.747Z,2025-06-23T23:09:11.747Z
859,"Cicero","-0106-01-01",,,"General",false,false,2025-06-23T23:09:11.751Z,2025-06-23T23:09:11.751Z
860,"Glassblowing is invented","-0100-01-01",,,"General",false,false,2025-06-23T23:09:11.755Z,2025-06-23T23:09:11.755Z
861,"Julius Caesar","-0100-01-01",,,"General",false,false,2025-06-23T23:09:11.759Z,2025-06-23T23:09:11.759Z
862,"Reign of Julius Caesar","-0100-01-01",,,"General",false,false,2025-06-23T23:09:11.762Z,2025-06-23T23:09:11.762Z
863,"Teotihuacan Established","-0100-01-01",,,"General",false,false,2025-06-23T23:09:11.769Z,2025-06-23T23:09:11.769Z
864,"Venus de Milo","-0100-01-01",,,"General",false,false,2025-06-23T23:09:11.772Z,2025-06-23T23:09:11.772Z
865,"Reign of Sulla","-0082-01-01",,,"General",false,false,2025-06-23T23:09:11.776Z,2025-06-23T23:09:11.776Z
866,"Second & Third Mithridatic Wars","-0073-01-01",,,"General",false,false,2025-06-23T23:09:11.780Z,2025-06-23T23:09:11.780Z
867,"Spartacus slave revolt","-0073-01-01",,,"General",false,false,2025-06-23T23:09:11.783Z,2025-06-23T23:09:11.783Z
868,"Virgil","-0070-01-01",,,"General",false,false,2025-06-23T23:09:11.787Z,2025-06-23T23:09:11.787Z
869,"Cleopatra","-0069-01-01",,,"General",false,false,2025-06-23T23:09:11.791Z,2025-06-23T23:09:11.791Z
870,"Pompey conquers Jerusalem","-0063-01-01",,,"General",false,false,2025-06-23T23:09:11.795Z,2025-06-23T23:09:11.795Z
871,"First Triumvirate of Rome","-0060-01-01",,,"General",false,false,2025-06-23T23:09:11.798Z,2025-06-23T23:09:11.798Z
872,"Villa of the Mysteries","-0060-01-01",,,"General",false,false,2025-06-23T23:09:11.802Z,2025-06-23T23:09:11.802Z
873,"Temple of Horus at Edfu","-0057-01-01",,,"General",false,false,2025-06-23T23:09:11.806Z,2025-06-23T23:09:11.806Z
874,"De Rerum Natura","-0055-01-01",,,"General",false,false,2025-06-23T23:09:11.809Z,2025-06-23T23:09:11.809Z
875,"Revolt of the Celtic Gauls","-0052-01-01",,,"General",false,false,2025-06-23T23:09:11.813Z,2025-06-23T23:09:11.813Z
876,"Peace treaty between the Han Dynasty and the Hsiung-nu","-0051-01-01",,,"General",false,false,2025-06-23T23:09:11.820Z,2025-06-23T23:09:11.820Z
877,"Reign of Cleopatra","-0051-01-01",,,"General",false,false,2025-06-23T23:09:11.823Z,2025-06-23T23:09:11.823Z
878,"Aqueduct of Segovia","-0050-01-01",,,"General",false,false,2025-06-23T23:09:11.827Z,2025-06-23T23:09:11.827Z
879,"Battersea Shield","-0050-01-01",,,"General",false,false,2025-06-23T23:09:11.831Z,2025-06-23T23:09:11.831Z
880,"Three Kingdoms of Korea","-0050-01-01",,,"General",false,false,2025-06-23T23:09:11.835Z,2025-06-23T23:09:11.835Z
881,"Julius Caesar crosses the Rubicon","-0049-01-01",,,"General",false,false,2025-06-23T23:09:11.838Z,2025-06-23T23:09:11.838Z
882,"Battle of Pharsalus","-0048-08-09",,,"General",false,false,2025-06-23T23:09:11.842Z,2025-06-23T23:09:11.842Z
883,"Battle of Munda","-0045-03-17",,,"General",false,false,2025-06-23T23:09:11.845Z,2025-06-23T23:09:11.845Z
884,"Julian Calendar","-0045-01-01",,,"General",false,false,2025-06-23T23:09:11.850Z,2025-06-23T23:09:11.850Z
885,"Julius Caesar assassinated","-0044-03-15",,,"General",false,false,2025-06-23T23:09:11.853Z,2025-06-23T23:09:11.853Z
886,"Second Triumvirate of Rome","-0043-01-01",,,"General",false,false,2025-06-23T23:09:11.857Z,2025-06-23T23:09:11.857Z
887,"Battle of Philippi","-0042-10-03",,,"General",false,false,2025-06-23T23:09:11.861Z,2025-06-23T23:09:11.861Z
888,"Rome conquers Egypt","-0040-01-01",,,"General",false,false,2025-06-23T23:09:11.865Z,2025-06-23T23:09:11.865Z
889,"Mount Nemrut","-0034-01-01",,,"General",false,false,2025-06-23T23:09:11.868Z,2025-06-23T23:09:11.868Z
890,"Han Dynasty Interrupted","-0033-01-01",,,"General",false,false,2025-06-23T23:09:11.872Z,2025-06-23T23:09:11.872Z
910,"Battle of Actium","1970-01-01T00:00:00.000Z",,,"General",false,false,2025-06-23T23:09:11.875Z,2025-06-23T23:09:11.875Z
911,"Egypt's Roman Period","1970-01-01T00:00:00.000Z",,,"General",false,false,2025-06-23T23:09:11.879Z,2025-06-23T23:09:11.879Z
912,"Reign of Augustus","1970-01-01T00:00:00.000Z",,,"General",false,false,2025-06-23T23:09:11.883Z,2025-06-23T23:09:11.883Z
913,"History of Rome (Ab Urbe Condita Libri)","1970-01-01T00:00:00.000Z",,,"General",false,false,2025-06-23T23:09:11.887Z,2025-06-23T23:09:11.887Z
914,"The Roman Empire","1970-01-01T00:00:00.000Z",,,"General",false,false,2025-06-23T23:09:11.890Z,2025-06-23T23:09:11.890Z
915,"Laoco├╢n and His Sons","1970-01-01T00:00:00.000Z",,,"General",false,false,2025-06-23T23:09:11.894Z,2025-06-23T23:09:11.894Z
916,"The Aeneid","1970-01-01T00:00:00.000Z",,,"General",false,false,2025-06-23T23:09:11.897Z,2025-06-23T23:09:11.897Z
898,"Villa of Agrippa Postumus frescoes","-0011-01-01",,,"General",false,false,2025-06-23T23:09:11.902Z,2025-06-23T23:09:11.902Z
899,"First artificial harbor","-0010-01-01",,,"General",false,false,2025-06-23T23:09:11.906Z,2025-06-23T23:09:11.906Z
900,"Ara Pacis Augustae","-0009-01-30",,,"General",false,false,2025-06-23T23:09:11.909Z,2025-06-23T23:09:11.909Z
901,"Toltec Civilization","0950-01-01","1168-01-01",,"General",false,false,2025-06-23T23:09:11.913Z,2025-06-23T23:09:11.913Z
902,"Manteno People","0850-01-01","1600-01-01",,"General",false,false,2025-06-23T23:09:11.919Z,2025-06-23T23:09:11.919Z
903,"Irk Bitig","0800-01-01",,,"General",false,false,2025-06-23T23:09:11.929Z,2025-06-23T23:09:11.929Z
904,"Khazar Khaganate","0650-01-01","0850-01-01",,"General",false,false,2025-06-23T23:09:11.939Z,2025-06-23T23:09:11.939Z
905,"Reign of Diocletian","0284-01-01","0305-01-01",,"General",false,false,2025-06-23T23:09:11.942Z,2025-06-23T23:09:11.942Z
2,"Greco-Persian Wars Interbellum","-490-01-01","-480-01-01",,"Ancient Greece",false,false,2025-06-24T01:32:05.513Z,2025-06-24T01:32:05.513Z
3,"Mythical Founding of Athens","-1581",,,"Ancient Near East",false,false,2025-07-09T02:52:42.197Z,2025-07-09T02:52:42.197Z
4,"Aeschylus","-524","-456",,"Ancient Near East",false,false,2025-07-10T02:07:24.398Z,2025-07-10T02:07:24.398Z
5,"Battle of Sepeia","-494",,,"Ancient Greece",false,false,2025-07-10T02:09:48.048Z,2025-07-10T02:09:48.048Z
6,"Aristophanes","-446","-386",,"Ancient Greece",false,false,2025-07-10T02:10:38.839Z,2025-07-10T02:10:38.839Z
7,"Rise of Jainism","-550-01-01",,,"Ancient Near East",false,false,2025-07-29T23:24:56.098Z,2025-07-29T23:24:56.098Z
8,"Ramayana","-600-01-01",,,"Ancient Near East",false,false,2025-07-29T23:28:48.935Z,2025-07-29T23:28:48.935Z
9,"Battle of Pelusium","-525-05",,,"Ancient Egypt",false,false,2025-07-29T23:48:58.347Z,2025-07-29T23:49:07.275Z
10,"First Reference to Tea","-59",,,"Ancient Near East",false,false,2025-07-29T23:51:54.311Z,2025-07-29T23:51:54.311Z
11,"Reign of Pharaoh Userkare","-2333","-2331",,"Ancient Egypt",false,false,2025-08-12T23:38:15.059Z,2025-08-12T23:38:15.059Z
906,"The 4.2-Kiloyear Climate Event","-2200-01-01",,,"Ancient Near East",false,false,2025-08-20T05:00:05.362Z,2025-08-20T05:00:05.362Z
907,"Enheduanna","-2285","-2250",,"Ancient Near East",false,false,2025-08-20T05:04:19.895Z,2025-08-20T05:04:19.895Z
908,"Characene","-141","222",,"Ancient Near East",false,false,2025-08-20T05:28:21.148Z,2025-08-20T05:28:21.148Z
909,"Parthian Empire","-247","224",,"Ancient Near East",false,false,2025-08-20T05:38:56.363Z,2025-08-20T05:38:56.363Z
1,"The Great Illyrian Revolt","6-01-01","9-01-01",,"Ancient Rome",false,false,2025-09-12T00:43:44.757Z,2025-06-24T01:16:57.699Z