id,name,handle,"channelUrl",description,"subscriberCount",verified,"createdAt","updatedAt"
81,History Time,,https://youtube.com/@HistoryTime,,,f,2025-06-23 16:09:12.643,2025-06-23 16:09:12.643
82,History With Cy,,https://youtube.com/@HistoryWithCy,,,f,2025-06-23 16:09:12.667,2025-06-23 16:09:12.667
83,D-O Research Hub,,https://youtube.com/@D-OResearchHub,,,f,2025-06-23 16:09:12.698,2025-06-23 16:09:12.698
84,EarlyHumans,,https://youtube.com/@EarlyHumans,,,f,2025-06-23 16:09:12.72,2025-06-23 16:09:12.72
85,BioGraphics,,https://youtube.com/@BioGraphics,,,f,2025-06-23 16:09:12.732,2025-06-23 16:09:12.732
86,Dr. Rob's Archaeofilms,,https://youtube.com/@Dr.Rob'sArchaeofilms,,,f,2025-06-23 16:09:12.742,2025-06-23 16:09:12.742
87,History Hit,,https://youtube.com/@HistoryHit,,,f,2025-06-23 16:09:12.752,2025-06-23 16:09:12.752
88,Kings and Generals,,https://youtube.com/@KingsandGenerals,,,f,2025-06-23 16:09:12.761,2025-06-23 16:09:12.761
89,Inspire Education,,https://youtube.com/@InspireEducation,,,f,2025-06-23 16:09:12.77,2025-06-23 16:09:12.77
90,History Explained,,https://youtube.com/@HistoryExplained,,,f,2025-06-23 16:09:12.78,2025-06-23 16:09:12.78
91,World of Antiquity,,https://youtube.com/@WorldofAntiquity,,,f,2025-06-23 16:09:12.789,2025-06-23 16:09:12.789
92,The Grand Portfolio,,https://youtube.com/@TheGrandPortfolio,,,f,2025-06-23 16:09:12.805,2025-06-23 16:09:12.805
93,Tiny Epics,,https://youtube.com/@TinyEpics,,,f,2025-06-23 16:09:12.815,2025-06-23 16:09:12.815
94,Penn Museum,,https://youtube.com/@PennMuseum,,,f,2025-06-23 16:09:12.824,2025-06-23 16:09:12.824
95,Dan Davis History,,https://youtube.com/@DanDavisHistory,,,f,2025-06-23 16:09:12.835,2025-06-23 16:09:12.835
96,Celtic History Decoded,,https://youtube.com/@CelticHistoryDecoded,,,f,2025-06-23 16:09:12.845,2025-06-23 16:09:12.845
97,Dig it with Raven,,https://youtube.com/@DigitwithRaven,,,f,2025-06-23 16:09:12.864,2025-06-23 16:09:12.864
98,Study of Antiquity and the Middle Ages,,https://youtube.com/@StudyofAntiquityandtheMiddleAges,,,f,2025-06-23 16:09:12.879,2025-06-23 16:09:12.879
99,Table of Gods,,https://youtube.com/@TableofGods,,,f,2025-06-23 16:09:12.9,2025-06-23 16:09:12.9
100,The Honorable Caligula,,https://youtube.com/@TheHonorableCaligula,,,f,2025-06-23 16:09:12.924,2025-06-23 16:09:12.924
101,See U in History,,https://youtube.com/@SeeUinHistory,,,f,2025-06-23 16:09:12.966,2025-06-23 16:09:12.966
102,Odyssey,,https://youtube.com/@Odyssey,,,f,2025-06-23 16:09:12.997,2025-06-23 16:09:12.997
103,cf-apps7865,,https://youtube.com/@cf-apps7865,,,f,2025-06-23 16:09:13.013,2025-06-23 16:09:13.013
104,Know the Science,,https://youtube.com/@KnowtheScience,,,f,2025-06-23 16:09:13.977,2025-06-23 16:09:13.977
105,IT Scholar,,https://youtube.com/@ITScholar,,,f,2025-06-23 16:09:13.987,2025-06-23 16:09:13.987
106,RelicHistory,,https://youtube.com/@RelicHistory,,,f,2025-06-23 16:09:15.99,2025-06-23 16:09:15.99
107,Forest Archaic Collective,,https://youtube.com/@ForestArchaicCollective,,,f,2025-06-23 16:09:16,2025-06-23 16:09:16
108,The British Institute for the Study of Iraq,,https://youtube.com/@TheBritishInstitutefortheStudyofIraq,,,f,2025-06-23 16:09:16.01,2025-06-23 16:09:16.01
109,Epimetheus,,https://youtube.com/@Epimetheus,,,f,2025-06-23 16:09:16.035,2025-06-23 16:09:16.035
110,The Archives of Thot,,https://youtube.com/@TheArchivesofThot,,,f,2025-06-23 16:09:16.695,2025-06-23 16:09:16.695
111,DW World History,,https://youtube.com/@DWWorldHistory,,,f,2025-06-23 16:09:16.777,2025-06-23 16:09:16.777
112,Life of the Legends,,https://youtube.com/@LifeoftheLegends,,,f,2025-06-23 16:09:16.786,2025-06-23 16:09:16.786
113,Ancient History Profiles,,https://youtube.com/@AncientHistoryProfiles,,,f,2025-06-23 16:09:16.984,2025-06-23 16:09:16.984
114,National Geographic,,https://youtube.com/@NationalGeographic,,,f,2025-06-23 16:09:16.992,2025-06-23 16:09:16.992
115,The People Profiles,,https://youtube.com/@ThePeopleProfiles,,,f,2025-06-23 16:09:17.001,2025-06-23 16:09:17.001
116,SLICE Full Doc,,https://youtube.com/@SLICEFullDoc,,,f,2025-06-23 16:09:17.01,2025-06-23 16:09:17.01
117,Thersites the Historian,,https://youtube.com/@ThersitestheHistorian,,,f,2025-06-23 16:09:23.023,2025-06-23 16:09:23.023
118,Anthro Joe,,https://youtube.com/@AnthroJoe,,,f,2025-06-23 16:09:23.033,2025-06-23 16:09:23.033
119,Archaeoviking,,https://youtube.com/@Archaeoviking,,,f,2025-06-23 16:09:23.042,2025-06-23 16:09:23.042
120,Historical Adventure,,https://youtube.com/@HistoricalAdventure,,,f,2025-06-23 16:09:23.059,2025-06-23 16:09:23.059
121,Wanax TV,,https://youtube.com/@WanaxTV,,,f,2025-06-23 16:09:23.068,2025-06-23 16:09:23.068
122,Extra History,,https://youtube.com/@ExtraHistory,,,f,2025-06-23 16:09:23.605,2025-06-23 16:09:23.605
123,Crecganford,,https://youtube.com/@Crecganford,,,f,2025-06-23 16:09:27.959,2025-06-23 16:09:27.959
124,Crash Course,,https://youtube.com/@CrashCourse,,,f,2025-06-23 16:09:27.967,2025-06-23 16:09:27.967
125,Stefan Milo,,https://youtube.com/@StefanMilo,,,f,2025-06-23 16:09:29.993,2025-06-23 16:09:29.993
132,SandRhoman History,,https://youtube.com/@SandRhomanHistory,,,f,2025-06-23 16:09:30.049,2025-06-23 16:09:30.049
133,Smarthistory,,https://youtube.com/@Smarthistory,,,f,2025-06-23 16:09:30.659,2025-06-23 16:09:30.659
134,Side Projects,,https://youtube.com/@SideProjects,,,f,2025-06-23 16:09:31.535,2025-06-23 16:09:31.535
135,The Institute for the Study of Ancient Cultures,,https://youtube.com/@TheInstitutefortheStudyofAncientCultures,,,f,2025-06-23 16:09:31.545,2025-06-23 16:09:31.545
136,"Ortiz, Jemuel Edrien",,"https://youtube.com/@Ortiz,JemuelEdrien",,,f,2025-06-23 16:09:32.84,2025-06-23 16:09:32.84
137,Amunology,,https://youtube.com/@Amunology,,,f,2025-06-23 16:09:32.85,2025-06-23 16:09:32.85
138,SciShow,,https://youtube.com/@SciShow,,,f,2025-06-23 16:09:32.859,2025-06-23 16:09:32.859
139,Geographics,,https://youtube.com/@Geographics,,,f,2025-06-23 16:09:32.869,2025-06-23 16:09:32.869
140,Timeline,,https://youtube.com/@Timeline,,,f,2025-06-23 16:09:32.878,2025-06-23 16:09:32.878
141,The British Museum,,https://youtube.com/@TheBritishMuseum,,,f,2025-06-23 16:09:32.902,2025-06-23 16:09:32.902
142,Harappa.com: The Ancient Indus Civilization,,https://youtube.com/@Harappa.com:TheAncientIndusCivilization,,,f,2025-06-23 16:09:32.912,2025-06-23 16:09:32.912
143,World History Encyclopedia,,https://youtube.com/@WorldHistoryEncyclopedia,,,f,2025-06-23 16:09:32.924,2025-06-23 16:09:32.924
144,NOVA PBS Official,,https://youtube.com/@NOVAPBSOfficial,,,f,2025-06-23 16:09:34.577,2025-06-23 16:09:34.577
145,TED-Ed,,https://youtube.com/@TED-Ed,,,f,2025-06-23 16:09:34.592,2025-06-23 16:09:34.592
146,Smithsonian Channel,,https://youtube.com/@SmithsonianChannel,,,f,2025-06-23 16:09:34.647,2025-06-23 16:09:34.647
147,How to Make Everything,,https://youtube.com/@HowtoMakeEverything,,,f,2025-06-23 16:09:34.668,2025-06-23 16:09:34.668
148,History Class,,https://youtube.com/@HistoryClass,,,f,2025-06-23 16:09:34.677,2025-06-23 16:09:34.677
149,Stephan's History of the World,,https://youtube.com/@Stephan'sHistoryoftheWorld,,,f,2025-06-23 16:09:34.687,2025-06-23 16:09:34.687
150,vlad9vt,,https://youtube.com/@vlad9vt,,,f,2025-06-23 16:09:35.028,2025-06-23 16:09:35.028
151,The Historian's Craft,,https://youtube.com/@TheHistorian'sCraft,,,f,2025-06-23 16:09:35.079,2025-06-23 16:09:35.079
152,Digital Hammurabi,,https://youtube.com/@DigitalHammurabi,,,f,2025-06-23 16:09:35.189,2025-06-23 16:09:35.189
153,Egyptology 101,,https://youtube.com/@Egyptology101,,,f,2025-06-23 16:09:35.306,2025-06-23 16:09:35.306
154,Prof. Neal's Art Appreciation & Art History,,https://youtube.com/@Prof.Neal'sArtAppreciation&ArtHistory,,,f,2025-06-23 16:09:35.32,2025-06-23 16:09:35.32
155,Invicta,,https://youtube.com/@Invicta,,,f,2025-06-23 16:09:35.424,2025-06-23 16:09:35.424
157,American Bookbinders Museum,,https://youtube.com/@AmericanBookbindersMuseum,,,f,2025-06-23 16:09:35.652,2025-06-23 16:09:35.652
158,SCA Lochac,,https://youtube.com/@SCALochac,,,f,2025-06-23 16:09:35.662,2025-06-23 16:09:35.662
159,Ancient Americas,,https://youtube.com/@AncientAmericas,,,f,2025-06-23 16:09:35.677,2025-06-23 16:09:35.677
160,Our History: Big Bang to 2025,,https://youtube.com/@OurHistory:BigBangto2025,,,f,2025-06-23 16:09:35.687,2025-06-23 16:09:35.687
161,The Histocrat,,https://www.youtube.com/@TheHistocrat,,,f,2025-08-18 19:10:40.285,2025-08-18 19:10:40.285
162,Survive the Jive,,https://www.youtube.com/@Survivethejive,,,f,2025-08-19 20:49:47.517,2025-08-19 20:49:47.517
163,Fortress of Lugh,,https://www.youtube.com/watch?v=uYYJJSAMmL8,,,f,2025-08-19 20:53:12.262,2025-08-19 20:53:12.262
164,Dig.,,https://www.youtube.com/@dig.archaeology,,,f,2025-08-19 22:01:20.986,2025-08-19 22:01:20.986