id,userId,eventId,reviewed,reviewDate,notes,createdAt,updatedAt
"3e977797-0b2c-476d-9167-7008a1e51f7d",,453,true,,,2025-06-23T23:12:59.752Z,2025-06-23T23:12:59.752Z
"6fbc7801-42f6-4e80-a2ae-c5f37ddfebc4",,454,true,,,2025-06-23T23:12:59.764Z,2025-06-23T23:12:59.764Z
"f9f6c906-da7d-4638-87bf-f91586482065",,455,true,,,2025-06-23T23:12:59.770Z,2025-06-23T23:12:59.770Z
"f603f49a-3c07-443e-a4a4-39938252262d",,456,true,,,2025-06-23T23:12:59.780Z,2025-06-23T23:12:59.780Z
"aa56b474-a007-409f-9b6c-5fd43caeacac",,457,true,,,2025-06-23T23:12:59.795Z,2025-06-23T23:12:59.795Z
"8d084fff-751f-4aa1-9d9d-65730917551b",,458,true,,,2025-06-23T23:12:59.810Z,2025-06-23T23:12:59.810Z
"b89d1244-b41f-47ae-b6cc-530bff534520",,459,true,,,2025-06-23T23:12:59.842Z,2025-06-23T23:12:59.842Z
"01aab38e-33ec-4743-9cbe-d9ef2ad7e5f0",,460,true,,,2025-06-23T23:12:59.857Z,2025-06-23T23:12:59.857Z
"23de8e1a-9129-4f66-9ce8-dd95c8b656ca",,461,true,,,2025-06-23T23:12:59.886Z,2025-06-23T23:12:59.886Z
"1d016763-98af-4233-8971-5d1987f614c2",,462,true,,,2025-06-23T23:12:59.900Z,2025-06-23T23:12:59.900Z
"e28743a2-0954-4528-86ee-abea133930b0",,463,true,,,2025-06-23T23:12:59.918Z,2025-06-23T23:12:59.918Z
"9b82208c-e231-4c66-bfa2-8b0a2afe2b82",,464,true,,,2025-06-23T23:12:59.930Z,2025-06-23T23:12:59.930Z
"cb264ff7-322c-4bbd-866b-b250b8056c4f",,465,true,,,2025-06-23T23:12:59.958Z,2025-06-23T23:12:59.958Z
"26cc35c1-fa84-45a0-b473-a7047a3a8d70",,466,true,,,2025-06-23T23:12:59.965Z,2025-06-23T23:12:59.965Z
"3beb6e28-f8d0-4032-b4a7-c5f50a81710c",,467,true,,,2025-06-23T23:12:59.971Z,2025-06-23T23:12:59.971Z
"06cecde2-8fdd-42df-be83-1aaacb27c43a",,468,true,,,2025-06-23T23:12:59.977Z,2025-06-23T23:12:59.977Z
"9a4b1777-ce7b-469f-8069-2ef1ecb46257",,469,true,,,2025-06-23T23:12:59.984Z,2025-06-23T23:12:59.984Z
"5a825e92-353c-4e77-9d50-6a767ecfeee9",,470,true,,,2025-06-23T23:12:59.989Z,2025-06-23T23:12:59.989Z
"00f31d12-102c-4e7e-85fd-f120713d3b46",,471,true,,,2025-06-23T23:12:59.995Z,2025-06-23T23:12:59.995Z
"2f58b712-887b-49d6-bd51-f495120997af",,472,true,,,2025-06-23T23:13:00.001Z,2025-06-23T23:13:00.001Z
"abc4bdb1-dc1f-430e-b184-724f84e26016",,473,true,,,2025-06-23T23:13:00.007Z,2025-06-23T23:13:00.007Z
"448bc73b-9c58-4dea-9de4-1c1341862132",,474,true,,,2025-06-23T23:13:00.013Z,2025-06-23T23:13:00.013Z
"f3d9a847-24dc-4b72-b8a5-9278bcfab554",,475,true,,,2025-06-23T23:13:00.038Z,2025-06-23T23:13:00.038Z
"be971c19-6790-4716-8373-abc5c53697e4",,476,true,,,2025-06-23T23:13:00.056Z,2025-06-23T23:13:00.079Z
"78d0005c-9c9d-4999-833d-35766577dea1",,477,true,,,2025-06-23T23:13:00.067Z,2025-06-23T23:13:00.067Z
"2d82f242-87bc-4d9b-8ed9-b76c6b90cba9",,478,true,,,2025-06-23T23:13:00.073Z,2025-06-23T23:13:00.073Z
"274d7b80-b143-41ea-afa4-bb740ffc855f",,480,true,,,2025-06-23T23:13:00.086Z,2025-06-23T23:13:00.086Z
"9bbe4102-461e-4550-9b9b-3dd9c0de4648",,481,true,,,2025-06-23T23:13:00.091Z,2025-06-23T23:13:00.091Z
"4c5f06fb-18cc-4704-9cac-8f4ceae3da39",,482,true,,,2025-06-23T23:13:00.097Z,2025-06-23T23:13:00.097Z
"fd3c0223-b4f9-44fe-8db2-31e3933292c2",,483,true,,,2025-06-23T23:13:00.102Z,2025-06-23T23:13:00.102Z
"900d5e47-914f-4f16-85f7-a8d3337e251b",,484,true,,,2025-06-23T23:13:00.108Z,2025-06-23T23:13:00.108Z
"27d663c1-c821-47d0-bde6-0bd4a254dd7f",,485,true,,,2025-06-23T23:13:00.114Z,2025-06-23T23:13:00.114Z
"db344623-91e0-4d61-91df-34f1b37e6dad",,486,true,,,2025-06-23T23:13:00.120Z,2025-06-23T23:13:00.120Z
"4911b7c9-46d5-4c85-9c80-c82accc6e08e",,487,true,,,2025-06-23T23:13:00.126Z,2025-06-23T23:13:00.126Z
"15b1f1e1-a6ca-4e52-9b05-4789fc82e544",,488,true,,,2025-06-23T23:13:00.132Z,2025-06-23T23:13:00.132Z
"d204cf55-7661-494f-814f-51b6f43714da",,489,true,,,2025-06-23T23:13:00.137Z,2025-06-23T23:13:00.137Z
"1bb064eb-9a88-4120-9fa7-c74f75f84122",,490,true,,,2025-06-23T23:13:00.143Z,2025-06-23T23:13:00.143Z
"2a3431ed-4de9-4e59-8ed1-9dc72e983dd7",,491,true,,,2025-06-23T23:13:00.151Z,2025-06-23T23:13:00.151Z
"eca68356-ba1c-45fe-b761-1020a8d1d034",,492,true,,,2025-06-23T23:13:00.157Z,2025-06-23T23:13:00.157Z
"21d6c155-f090-4deb-9e45-64eb55a58751",,493,true,,,2025-06-23T23:13:00.163Z,2025-06-23T23:13:00.163Z
"c3433eec-c7e0-4f1e-8e12-d42c42528ce3",,494,true,,,2025-06-23T23:13:00.168Z,2025-06-23T23:13:00.168Z
"d858f102-3adb-4f55-97df-6611a4651498",,495,true,,,2025-06-23T23:13:00.174Z,2025-07-15T12:30:49.022Z
"91036bf6-f1a1-4614-9d5e-b31ac270fb52",,496,true,,,2025-06-23T23:13:00.180Z,2025-06-23T23:13:00.180Z
"cc34a090-55e2-4192-a38a-908343329e2d",,497,true,,,2025-06-23T23:13:00.186Z,2025-06-23T23:13:00.186Z
"faedd7f9-fe1b-47e4-9b98-37d6c490fe43",,498,true,,,2025-06-23T23:13:00.191Z,2025-06-23T23:13:00.191Z
"8f216866-bc68-4b4b-a3f7-df35040d2657",,499,true,,,2025-06-23T23:13:00.197Z,2025-06-23T23:13:00.197Z
"fc670a4e-2449-46ad-807c-1028fcd83ede",,500,true,,,2025-06-23T23:13:00.203Z,2025-07-15T12:59:22.495Z
"cff2cbce-ecca-4cfd-86e5-da0aa4a56850",,501,true,,,2025-06-23T23:13:00.209Z,2025-06-23T23:13:00.209Z
"1675bb33-6021-4fdf-bf34-1029488fb7db",,502,true,,,2025-06-23T23:13:00.214Z,2025-06-23T23:13:00.214Z
"e62de2ae-70e5-47a5-a16a-71bfcf9b843e",,503,true,,,2025-06-23T23:13:00.220Z,2025-06-23T23:13:00.220Z
"c1f6da78-8017-4858-ad80-310cec84a0e9",,504,true,,,2025-06-23T23:13:00.225Z,2025-06-23T23:13:00.225Z
"8277ed07-f3a5-477d-91f6-bd319959e2af",,505,true,,,2025-06-23T23:13:00.231Z,2025-06-23T23:13:00.231Z
"a61008fc-9e4a-4982-a4aa-6acc2ea2f2a8",,506,true,,,2025-06-23T23:13:00.237Z,2025-06-23T23:13:00.237Z
"3d17253f-b8c0-4e95-ba1e-4abe7cb58e64",,507,true,,,2025-06-23T23:13:00.242Z,2025-06-23T23:13:00.242Z
"0c66b4ec-ab86-46d8-a511-6a08c0e6e157",,508,true,,,2025-06-23T23:13:00.248Z,2025-06-23T23:13:00.248Z
"766d128d-eadf-4efd-a32c-c8d93c9ddb4b",,509,true,,,2025-06-23T23:13:00.259Z,2025-06-23T23:13:00.259Z
"9bba9b8e-38fd-4170-a663-3fbbeb4dba9d",,510,true,,,2025-06-23T23:13:00.264Z,2025-06-23T23:13:00.264Z
"9d367401-621f-4df6-963e-8a73d3aed251",,511,true,,,2025-06-23T23:13:00.270Z,2025-06-24T00:08:31.562Z
"f940920e-b89d-460a-8989-b6db04c37fee",,512,true,,,2025-06-23T23:13:00.276Z,2025-06-23T23:13:00.276Z
"a3554acb-e6a6-4c81-bc10-f5ee9b7d287e",,513,true,,,2025-06-23T23:13:00.282Z,2025-06-29T02:22:38.384Z
"6ffca0f2-91c2-4373-8804-5aa0a75de558",,514,true,,,2025-06-23T23:13:00.288Z,2025-07-08T12:05:37.984Z
"bcfce07a-fcb5-4791-ae9c-b0ec6b5de45e",,515,true,,,2025-06-23T23:13:00.293Z,2025-07-08T12:10:52.999Z
"a521dc28-1e9b-4b2d-a4bd-3dc6bc07182b",,516,true,,,2025-06-23T23:13:00.299Z,2025-07-08T12:18:53.449Z
"4e98aa0d-3795-4358-b995-36dd5b2e8911",,517,true,,,2025-06-23T23:13:00.305Z,2025-06-23T23:13:00.305Z
"f95b72f8-f32e-41e0-a391-ee24d26226d8",,518,true,,,2025-06-23T23:13:00.311Z,2025-06-23T23:13:00.311Z
"5991a6d7-2c85-46be-8fba-6021e3364eef",,519,true,,,2025-06-23T23:13:00.317Z,2025-07-08T12:18:48.716Z
"73931f73-213c-430c-8c4f-e44a7eed2658",,520,true,,,2025-06-23T23:13:00.322Z,2025-06-23T23:13:00.322Z
"24162674-a6ec-4967-b8bb-3cb14fa079ec",,521,true,,,2025-06-23T23:13:00.328Z,2025-07-08T12:21:53.270Z
"80e01fff-ce33-45c2-ae3a-029f8b58b749",,522,true,,,2025-06-23T23:13:00.333Z,2025-07-23T10:44:22.560Z
"1e0ffd6d-3b5a-4e9a-a8f5-519cac2d5883",,523,false,,,2025-06-23T23:13:00.340Z,2025-06-23T23:13:00.340Z
"8bc44baa-b4b4-42ce-8695-796313b5a4af",,524,true,,,2025-06-23T23:13:00.345Z,2025-07-23T11:59:09.664Z
"c3380550-a459-4447-a144-4db7abb67e35",,525,true,,,2025-06-23T23:13:00.352Z,2025-08-06T12:26:36.294Z
"38d05d36-e45a-4629-9e68-eed969ba646d",,526,true,,,2025-06-23T23:13:00.358Z,2025-08-06T12:38:51.263Z
"b6787aa5-413f-4567-a678-b44ba63815b8",,527,true,,,2025-06-23T23:13:00.364Z,2025-08-12T13:14:28.377Z
"0b171abe-9328-401d-8272-57e698a087d0",,528,true,,,2025-06-23T23:13:00.369Z,2025-08-18T04:32:30.891Z
"09e5991b-9476-4171-a3c4-2f0523f436e6",,529,true,,,2025-06-23T23:13:00.375Z,2025-08-12T13:42:27.667Z
"e1e558be-ecad-4061-a919-a6dd143b82d4",,530,true,,,2025-06-23T23:13:00.380Z,2025-08-28T11:24:07.071Z
"49c9eb51-99da-40bc-a5fa-1f25d40728e9",,531,false,,,2025-06-23T23:13:00.385Z,2025-09-12T22:46:18.408Z
"3ac871be-9510-4414-ad07-905e1b35acba",,532,true,,,2025-06-23T23:13:00.391Z,2025-06-23T23:13:00.391Z
"5d596a99-e0fa-4ac1-841f-2c444bba653d",,533,false,,,2025-06-23T23:13:00.396Z,2025-06-23T23:13:00.396Z
"0352d5ee-78c8-46a0-a6b1-b33bf63fb361",,534,true,,,2025-06-23T23:13:00.401Z,2025-06-23T23:13:00.401Z
"4c65d137-ec62-416f-a8c5-4e446d0f32df",,535,false,,,2025-06-23T23:13:00.407Z,2025-06-23T23:13:00.407Z
"72f9a552-e5e6-4bda-9faf-24d691232e1c",,536,false,,,2025-06-23T23:13:00.414Z,2025-06-23T23:13:00.414Z
"aff806bc-814b-4e64-bdf4-682ead3e2d3c",,537,false,,,2025-06-23T23:13:00.419Z,2025-06-23T23:13:00.419Z
"9ed2f1f1-190c-4c39-b4b5-c3edcaaf2bc3",,538,false,,,2025-06-23T23:13:00.425Z,2025-06-23T23:13:00.425Z
"86e1379d-ec91-4c77-9b39-a8ec2d5cd9cd",,539,false,,,2025-06-23T23:13:00.431Z,2025-06-23T23:13:00.431Z
"eebae7c2-389d-4a0e-866a-ef89b69ac2d8",,540,false,,,2025-06-23T23:13:00.436Z,2025-06-23T23:13:00.436Z
"9cb1773a-70ea-4c66-a6fe-876946aeff72",,541,false,,,2025-06-23T23:13:00.441Z,2025-06-23T23:13:00.441Z
"afaa0686-783d-484d-a70b-d48863a3ea14",,542,false,,,2025-06-23T23:13:00.447Z,2025-06-23T23:13:00.447Z
"51848a2f-3554-4298-84a1-2dc13ac1b462",,543,false,,,2025-06-23T23:13:00.453Z,2025-06-23T23:13:00.453Z
"95dc80b4-a7aa-4754-8bc0-91b116f2a590",,544,false,,,2025-06-23T23:13:00.459Z,2025-06-23T23:13:00.459Z
"a9ab2942-3e97-4b86-96f8-7d2235774ea0",,546,false,,,2025-06-23T23:13:00.472Z,2025-06-23T23:13:00.472Z
"dcd7fd17-7981-423f-a8d2-7acb7944e5c3",,547,false,,,2025-06-23T23:13:00.478Z,2025-06-23T23:13:00.478Z
"b211bf8e-1524-41ec-b03b-290e918514d7",,548,false,,,2025-06-23T23:13:00.484Z,2025-06-23T23:13:00.484Z
"ef4428cf-2a95-49b9-aa75-9faaf57490f8",,549,false,,,2025-06-23T23:13:00.489Z,2025-06-23T23:13:00.489Z
"d24851c5-30a0-4904-8702-8cb0f3a00919",,550,false,,,2025-06-23T23:13:00.496Z,2025-06-23T23:13:00.496Z
"2d88e0c5-0c48-41a9-afca-675d54815e86",,551,false,,,2025-06-23T23:13:00.502Z,2025-06-23T23:13:00.502Z
"941a33b5-9b65-4707-8614-c55f96d63ee2",,552,false,,,2025-06-23T23:13:00.509Z,2025-06-23T23:13:00.509Z
"ae772a63-a0b6-4cdd-a63e-c04b60a96b38",,553,false,,,2025-06-23T23:13:00.514Z,2025-06-23T23:13:00.514Z
"7a1ffa72-7ab8-4b41-9748-e5d948ad41b2",,554,false,,,2025-06-23T23:13:00.520Z,2025-06-23T23:13:00.520Z
"861596b3-cdc5-474c-b2d2-a66716d3f246",,555,false,,,2025-06-23T23:13:00.526Z,2025-06-23T23:13:00.526Z
"b127dde2-9cf7-4fdf-b7e5-761b4930902d",,556,false,,,2025-06-23T23:13:00.532Z,2025-06-23T23:13:00.532Z
"9b63edc3-678e-40ad-9132-0f28b3955117",,557,false,,,2025-06-23T23:13:00.539Z,2025-06-23T23:13:00.539Z
"da46ec7f-cc6d-4c08-8032-a775a16156bd",,558,false,,,2025-06-23T23:13:00.545Z,2025-06-23T23:13:00.545Z
"eb270b82-d0fc-48c2-a356-c24503501394",,559,false,,,2025-06-23T23:13:00.551Z,2025-06-23T23:13:00.551Z
"850fe9df-9c80-4fce-9721-894411b16dd3",,560,false,,,2025-06-23T23:13:00.557Z,2025-06-23T23:13:00.557Z
"2255e9ec-b62a-444e-afab-3c4cf4e03189",,561,false,,,2025-06-23T23:13:00.563Z,2025-06-23T23:13:00.563Z
"4d0140b4-dc0a-4170-9a2e-d702aa89c161",,562,false,,,2025-06-23T23:13:00.570Z,2025-06-23T23:13:00.570Z
"7dd4656d-78c0-49bc-95e6-ac9d42075430",,563,false,,,2025-06-23T23:13:00.577Z,2025-06-23T23:13:00.577Z
"8d336e41-3570-456c-acdf-6dd85305f09f",,564,false,,,2025-06-23T23:13:00.583Z,2025-06-23T23:13:00.583Z
"c9448c56-bc43-4cdb-8909-7c6d590acbc9",,565,false,,,2025-06-23T23:13:00.589Z,2025-06-23T23:13:00.589Z
"85b8374a-cef7-468a-9127-38e5f3966dc1",,566,false,,,2025-06-23T23:13:00.595Z,2025-06-23T23:13:00.595Z
"52dceac5-5b93-44cc-9feb-cd57527e3a4c",,567,false,,,2025-06-23T23:13:00.601Z,2025-06-23T23:13:00.601Z
"690982a4-e57c-412e-8ead-2d443c829581",,568,false,,,2025-06-23T23:13:00.606Z,2025-06-23T23:13:00.606Z
"f138c281-6ef0-47ca-93a2-7e9000a3ff83",,569,false,,,2025-06-23T23:13:00.612Z,2025-06-23T23:13:00.612Z
"617304d6-58ec-4c28-8beb-52a44d324563",,570,false,,,2025-06-23T23:13:00.618Z,2025-06-23T23:13:00.618Z
"4ed39170-9f69-4478-a690-9b096a6e9f80",,571,false,,,2025-06-23T23:13:00.624Z,2025-06-23T23:13:00.624Z
"a30a9ad1-827e-40d4-8904-1822ef843c8a",,572,false,,,2025-06-23T23:13:00.631Z,2025-06-23T23:13:00.631Z
"38cd0cca-9c33-4ec7-9826-a73b6645c18c",,573,false,,,2025-06-23T23:13:00.644Z,2025-06-23T23:13:00.644Z
"a4c6975e-d1fe-4759-a3e1-d48d21e93100",,574,false,,,2025-06-23T23:13:00.651Z,2025-06-23T23:13:00.651Z
"df491e50-ba88-4eb4-bc07-caf3e5580b90",,575,false,,,2025-06-23T23:13:00.656Z,2025-06-23T23:13:00.656Z
"39e32cf1-ef33-425f-84ed-3c4f636997bf",,576,false,,,2025-06-23T23:13:00.662Z,2025-06-23T23:13:00.662Z
"9fb06ccd-4b95-4050-b2d6-447ff4216ce6",,577,false,,,2025-06-23T23:13:00.668Z,2025-06-23T23:13:00.668Z
"ef878dc1-3bcd-4770-8bed-3a89a0ca35d5",,578,false,,,2025-06-23T23:13:00.674Z,2025-06-23T23:13:00.674Z
"d0c7737e-d8b6-42cf-a2d2-775e830800af",,579,false,,,2025-06-23T23:13:00.680Z,2025-06-23T23:13:00.680Z
"9c7cd7bf-1be5-45c8-86b4-4074eab8b81a",,580,false,,,2025-06-23T23:13:00.686Z,2025-06-23T23:13:00.686Z
"fdc9185a-91c8-4357-bb2b-9e28f9223ee9",,581,false,,,2025-06-23T23:13:00.694Z,2025-06-23T23:13:00.694Z
"10a35f8a-fd6a-450d-9203-56c7a9febfec",,582,false,,,2025-06-23T23:13:00.700Z,2025-06-23T23:13:00.700Z
"2b12b92c-1d77-48a8-a13e-53bc4c6b42fb",,583,false,,,2025-06-23T23:13:00.705Z,2025-06-23T23:13:00.705Z
"2d9974cf-45e5-4002-9981-0cc90b262b15",,584,false,,,2025-06-23T23:13:00.711Z,2025-06-23T23:13:00.711Z
"77c327d6-75e5-42d0-80af-597d2818b084",,585,false,,,2025-06-23T23:13:00.717Z,2025-06-23T23:13:00.717Z
"9b18c155-f943-4437-b580-6eda054e841f",,586,false,,,2025-06-23T23:13:00.722Z,2025-06-23T23:13:00.722Z
"b3f4a517-6301-40bb-b70a-a887d314895e",,587,false,,,2025-06-23T23:13:00.728Z,2025-06-23T23:13:00.728Z
"1e9bbca9-873b-486e-a827-134d94b8c03a",,588,false,,,2025-06-23T23:13:00.734Z,2025-06-23T23:13:00.734Z
"53a437a7-bae5-47a4-af4c-b05ebe33d880",,589,false,,,2025-06-23T23:13:00.739Z,2025-06-23T23:13:00.739Z
"98c5d0f1-9516-484a-bea6-4d375ce9d401",,590,false,,,2025-06-23T23:13:00.745Z,2025-06-23T23:13:00.745Z
"abc66870-1659-4b0c-a470-19fb850a8cce",,591,false,,,2025-06-23T23:13:00.751Z,2025-06-23T23:13:00.751Z
"ff008f42-c44f-4e55-a783-620d0d20c11d",,592,false,,,2025-06-23T23:13:00.756Z,2025-06-23T23:13:00.756Z
"ea84ecf3-548c-4ddd-8510-3301826dee26",,593,false,,,2025-06-23T23:13:00.763Z,2025-06-23T23:13:00.763Z
"02668978-a8ce-45be-88ff-4df15ddf7d79",,594,false,,,2025-06-23T23:13:00.768Z,2025-06-23T23:13:00.768Z
"0b415cb4-2d1f-438d-beb2-4de2087d203a",,595,false,,,2025-06-23T23:13:00.774Z,2025-06-23T23:13:00.774Z
"7a36ffd8-c3b0-4f50-9e4f-dbda504d6483",,596,false,,,2025-06-23T23:13:00.780Z,2025-06-23T23:13:00.780Z
"5d7ad739-880d-4312-a4fe-526bbe669072",,597,false,,,2025-06-23T23:13:00.785Z,2025-06-23T23:13:00.785Z
"c9d89740-783c-4842-b4a4-686691e19520",,598,false,,,2025-06-23T23:13:00.790Z,2025-06-23T23:13:00.790Z
"ca0c686c-1b23-4433-a3ad-4b7d4616d390",,599,false,,,2025-06-23T23:13:00.796Z,2025-06-23T23:13:00.796Z
"7f7df6f4-37cf-4504-86da-eb2eacd88b72",,600,false,,,2025-06-23T23:13:00.801Z,2025-06-23T23:13:00.801Z
"ae2d6685-13e7-47f8-ac7a-359f14d0cb1e",,601,false,,,2025-06-23T23:13:00.807Z,2025-06-23T23:13:00.807Z
"655d5480-1c9b-4fa3-8bb1-39df0c8604b4",,602,false,,,2025-06-23T23:13:00.813Z,2025-06-23T23:13:00.813Z
"7640cb97-da4d-4224-adca-385a1eb9517f",,603,false,,,2025-06-23T23:13:00.819Z,2025-06-23T23:13:00.819Z
"e18a0a67-a36b-4e27-8217-c03cbf4ea4cd",,604,false,,,2025-06-23T23:13:00.824Z,2025-06-23T23:13:00.824Z
"75783c3d-f49f-4837-b6de-86c26cbc0e00",,605,false,,,2025-06-23T23:13:00.830Z,2025-06-23T23:13:00.830Z
"7edd1975-e39a-44c5-91a6-29d443cb6651",,606,false,,,2025-06-23T23:13:00.836Z,2025-06-23T23:13:00.836Z
"85f8ab43-5421-41bf-aa42-0a5369604a28",,607,false,,,2025-06-23T23:13:00.842Z,2025-06-23T23:13:00.842Z
"d891fbb4-048d-4dbc-9fc8-32ebdc1bb3d5",,608,false,,,2025-06-23T23:13:00.848Z,2025-06-23T23:13:00.848Z
"b7858ae6-04ba-42b6-b057-5794db958963",,609,false,,,2025-06-23T23:13:00.854Z,2025-06-23T23:13:00.854Z
"cc58ad56-bad7-409b-8d8c-17ce5b4ec108",,610,false,,,2025-06-23T23:13:00.860Z,2025-06-23T23:13:00.860Z
"0d39334b-9533-4104-98d2-4e3460e6b73e",,611,false,,,2025-06-23T23:13:00.868Z,2025-06-23T23:13:00.868Z
"54c72056-06ca-4224-b73b-00462919134b",,612,false,,,2025-06-23T23:13:00.874Z,2025-06-23T23:13:00.874Z
"3cc10a7d-3e67-471c-94c1-f626cb2585e1",,613,false,,,2025-06-23T23:13:00.879Z,2025-06-23T23:13:00.879Z
"96eae4a6-dae5-4638-917c-c766ab60483f",,614,false,,,2025-06-23T23:13:00.885Z,2025-06-23T23:13:00.885Z
"f15a3034-b804-4f6a-b318-69757815478c",,615,false,,,2025-06-23T23:13:00.890Z,2025-06-23T23:13:00.890Z
"78428ae5-f2a9-4eb1-a5b8-cf766f448c00",,616,false,,,2025-06-23T23:13:00.896Z,2025-06-23T23:13:00.896Z
"8733297d-14f3-43d8-adc0-432111623b2a",,617,false,,,2025-06-23T23:13:00.901Z,2025-06-23T23:13:00.901Z
"89f95960-10c5-43e9-b594-5e12262575a8",,618,false,,,2025-06-23T23:13:00.910Z,2025-06-23T23:13:00.910Z
"d9c5eec8-116f-4ae3-b6b4-6d28362b19d1",,619,false,,,2025-06-23T23:13:00.915Z,2025-06-23T23:13:00.915Z
"f7114e29-f232-4ec4-aa2b-155180dde4e8",,620,false,,,2025-06-23T23:13:00.921Z,2025-06-23T23:13:00.921Z
"de398763-f7be-4354-8b62-e3dd93d628f7",,621,false,,,2025-06-23T23:13:00.926Z,2025-06-23T23:13:00.926Z
"63f377f5-5a9f-41b9-aa7d-25525c164b2b",,622,false,,,2025-06-23T23:13:00.932Z,2025-06-23T23:13:00.932Z
"5cee9540-d2ea-438b-acf0-4d5c5c67372a",,623,false,,,2025-06-23T23:13:00.938Z,2025-06-23T23:13:00.938Z
"6d033ad6-4928-4c0b-8e71-639c1bebb2a1",,624,false,,,2025-06-23T23:13:00.944Z,2025-06-23T23:13:00.944Z
"9f53fa74-2dc6-411b-a9b5-40f36a856cc6",,625,false,,,2025-06-23T23:13:00.951Z,2025-06-23T23:13:00.951Z
"05ade225-44b5-4a95-af98-0c91b3164a6b",,626,false,,,2025-06-23T23:13:00.957Z,2025-06-23T23:13:00.957Z
"3263edd1-045c-41e9-b5b1-6d1bf5022267",,627,false,,,2025-06-23T23:13:00.963Z,2025-06-23T23:13:00.963Z
"2482682a-338b-4cbf-a129-56d2a3af7faa",,628,false,,,2025-06-23T23:13:00.970Z,2025-06-23T23:13:00.970Z
"a3e11260-6ea6-426f-aa81-aacebe6d6500",,629,false,,,2025-06-23T23:13:00.976Z,2025-06-23T23:13:00.976Z
"a16ea4bf-7cdf-4612-b832-bab228d6c413",,630,false,,,2025-06-23T23:13:00.982Z,2025-06-23T23:13:00.982Z
"7117850e-01b6-4372-aa56-916632a57225",,631,false,,,2025-06-23T23:13:00.988Z,2025-06-23T23:13:00.988Z
"9eed4009-e286-4b0c-b085-bdb3a07777c0",,632,false,,,2025-06-23T23:13:00.994Z,2025-06-23T23:13:00.994Z
"cad0291e-c600-4875-8636-8f0985281c11",,633,false,,,2025-06-23T23:13:01.002Z,2025-06-23T23:13:01.002Z
"87583b54-c1af-4412-88f8-52057344381c",,634,false,,,2025-06-23T23:13:01.008Z,2025-06-23T23:13:01.008Z
"84f530ca-4d6b-4ad6-902a-bf310d0032e5",,635,false,,,2025-06-23T23:13:01.015Z,2025-06-23T23:13:01.015Z
"a3d3926d-a66e-40fd-8c0a-6c685be551d6",,636,false,,,2025-06-23T23:13:01.021Z,2025-06-23T23:13:01.021Z
"79431c0e-50a3-45d2-bdf6-e43cf51b1952",,637,false,,,2025-06-23T23:13:01.026Z,2025-06-23T23:13:01.026Z
"ce0601e1-0b74-4e3d-924e-e8cdd4f387d2",,638,false,,,2025-06-23T23:13:01.032Z,2025-06-23T23:13:01.032Z
"f79109a8-fd02-4415-b894-925401bb8a2b",,639,false,,,2025-06-23T23:13:01.038Z,2025-06-23T23:13:01.038Z
"8d105586-7d64-4540-9c3a-73275961d122",,640,false,,,2025-06-23T23:13:01.043Z,2025-06-23T23:13:01.043Z
"9447be42-1dd7-40b1-90b0-af28b14cf7db",,641,false,,,2025-06-23T23:13:01.048Z,2025-06-23T23:13:01.048Z
"62fd2c13-0e3c-4edb-be6b-f59b5e55d3c3",,642,false,,,2025-06-23T23:13:01.054Z,2025-06-23T23:13:01.054Z
"f4d2aa4f-2e13-4e8e-9a7b-bd9577db71db",,643,false,,,2025-06-23T23:13:01.059Z,2025-06-23T23:13:01.059Z
"37eab2fb-ed00-4381-9bbd-1df9285e1ca5",,644,false,,,2025-06-23T23:13:01.065Z,2025-06-23T23:13:01.065Z
"79ac4fd6-039f-4f95-8b71-0c5e3e2fa875",,645,false,,,2025-06-23T23:13:01.071Z,2025-06-23T23:13:01.071Z
"e6000392-bd32-42e8-a129-5368c0b465a0",,646,false,,,2025-06-23T23:13:01.076Z,2025-06-23T23:13:01.076Z
"b2288eba-bfa2-49ed-b1f6-176dfa9a6c94",,647,false,,,2025-06-23T23:13:01.082Z,2025-06-23T23:13:01.082Z
"03d920a2-cbcd-41b6-ab42-019d7b36d41e",,648,false,,,2025-06-23T23:13:01.088Z,2025-06-23T23:13:01.088Z
"8d73e6c3-3843-45ce-bf2e-8e8986ca3ee1",,649,false,,,2025-06-23T23:13:01.094Z,2025-06-23T23:13:01.094Z
"8cf08190-d684-4cba-8d4a-ebe7dc000ba9",,650,false,,,2025-06-23T23:13:01.103Z,2025-06-23T23:13:01.103Z
"4057a96a-6a0b-41e0-b92c-b3a9bc8e21f4",,651,false,,,2025-06-23T23:13:01.109Z,2025-06-23T23:13:01.109Z
"f55fe862-ac39-48d2-9540-ba668d842536",,652,false,,,2025-06-23T23:13:01.115Z,2025-06-23T23:13:01.115Z
"124eee1d-e51b-4e31-8c25-87e02cd10871",,653,false,,,2025-06-23T23:13:01.121Z,2025-06-23T23:13:01.121Z
"4252a1c2-cec2-4a24-8d88-9008bcf5593c",,654,false,,,2025-06-23T23:13:01.145Z,2025-06-23T23:13:01.145Z
"1cfb727f-3bd9-4825-9b5f-5fc37d929a1f",,655,false,,,2025-06-23T23:13:01.150Z,2025-06-23T23:13:01.150Z
"fd3f362c-ea2f-4277-8588-b1377dade616",,656,false,,,2025-06-23T23:13:01.156Z,2025-06-23T23:13:01.156Z
"ad0b2cc3-fb9a-4c89-9571-2b33c25e3879",,657,false,,,2025-06-23T23:13:01.162Z,2025-06-23T23:13:01.162Z
"f85305d0-a740-4fb3-9253-8759bcfc2a3b",,658,false,,,2025-06-23T23:13:01.169Z,2025-06-23T23:13:01.169Z
"f0b3ab05-01b2-44fb-a465-2ff857f0e098",,659,false,,,2025-06-23T23:13:01.176Z,2025-06-23T23:13:01.176Z
"a56316da-82a0-46ec-b740-756d5b91fe24",,660,false,,,2025-06-23T23:13:01.183Z,2025-06-23T23:13:01.183Z
"af5ff633-4f01-4112-bb37-e9cf6d24e04f",,661,false,,,2025-06-23T23:13:01.191Z,2025-06-23T23:13:01.191Z
"f50c7fa7-469d-4132-8233-288d297c230d",,662,false,,,2025-06-23T23:13:01.198Z,2025-06-23T23:13:01.198Z
"0694af39-077b-478c-b353-22cc4dea5d6d",,663,false,,,2025-06-23T23:13:01.203Z,2025-06-23T23:13:01.203Z
"540911de-db7f-4a7c-aaae-c8f8662e5bde",,664,false,,,2025-06-23T23:13:01.209Z,2025-06-23T23:13:01.209Z
"9ed1d1bd-f989-452e-b232-0ef0f6aab371",,665,false,,,2025-06-23T23:13:01.214Z,2025-06-23T23:13:01.214Z
"7a5234b6-3619-4ad1-9d06-7a6acfb37833",,666,false,,,2025-06-23T23:13:01.220Z,2025-06-23T23:13:01.220Z
"6384c4a8-2a0f-4ccf-934b-8853dc8b3156",,667,false,,,2025-06-23T23:13:01.226Z,2025-06-23T23:13:01.226Z
"af02a9e2-3433-4441-803b-c6a6e77b6482",,668,false,,,2025-06-23T23:13:01.231Z,2025-06-23T23:13:01.231Z
"5af1f039-cf1c-4d05-b079-5d9bfee36d88",,669,false,,,2025-06-23T23:13:01.237Z,2025-06-23T23:13:01.237Z
"c83d2f9b-40dd-4e55-a928-0e42fd0ebeb4",,670,false,,,2025-06-23T23:13:01.242Z,2025-06-23T23:13:01.242Z
"bdf665dc-f6f1-406e-94d6-2e3a1101100c",,671,false,,,2025-06-23T23:13:01.247Z,2025-06-23T23:13:01.247Z
"77169a7e-ab81-466f-91aa-c8726c92f05b",,672,false,,,2025-06-23T23:13:01.253Z,2025-06-23T23:13:01.253Z
"e6d8c23a-6883-460f-b8d3-9ffe601c23d8",,673,false,,,2025-06-23T23:13:01.258Z,2025-06-23T23:13:01.258Z
"7dbbf9dd-64ec-46bf-b85c-08314a1d2f2e",,674,false,,,2025-06-23T23:13:01.264Z,2025-06-23T23:13:01.264Z
"8854f1c2-6d81-4e98-b49b-39bdcf0b09ec",,675,false,,,2025-06-23T23:13:01.269Z,2025-06-23T23:13:01.269Z
"b050ace7-a47f-42a7-8206-fc4ed13ec9ab",,676,false,,,2025-06-23T23:13:01.276Z,2025-06-23T23:13:01.276Z
"4040d55e-f9ef-4dd6-8f93-c7b31f3a915d",,677,false,,,2025-06-23T23:13:01.282Z,2025-06-23T23:13:01.282Z
"3110d136-2941-48c4-80bd-c32197328d0c",,678,false,,,2025-06-23T23:13:01.287Z,2025-06-23T23:13:01.287Z
"c74c75e6-b3fe-4eab-941f-a9a3f1d68bca",,679,false,,,2025-06-23T23:13:01.292Z,2025-06-23T23:13:01.292Z
"de1c0ed1-22fd-44b7-9718-56208a59ccb5",,680,false,,,2025-06-23T23:13:01.298Z,2025-06-23T23:13:01.298Z
"81e40813-9f9d-4215-9406-dc830c248fe2",,681,false,,,2025-06-23T23:13:01.303Z,2025-06-23T23:13:01.303Z
"720a5933-4e27-4490-bf25-122863b393f8",,682,false,,,2025-06-23T23:13:01.309Z,2025-06-23T23:13:01.309Z
"a34dc234-2f60-408c-90fb-06a5b5873019",,683,false,,,2025-06-23T23:13:01.315Z,2025-06-23T23:13:01.315Z
"4659fcea-90f4-4c5a-932e-d363cbf27c30",,684,false,,,2025-06-23T23:13:01.320Z,2025-06-23T23:13:01.320Z
"9a7d2405-7c3f-469f-b0bc-ab519b2f899e",,685,false,,,2025-06-23T23:13:01.326Z,2025-06-23T23:13:01.326Z
"452ecdb5-3979-42df-b53e-d328ac47aef9",,686,false,,,2025-06-23T23:13:01.333Z,2025-06-23T23:13:01.333Z
"6e4961d8-2d64-4703-b5f1-377af3ff0031",,687,false,,,2025-06-23T23:13:01.339Z,2025-06-23T23:13:01.339Z
"1ab7af02-ddca-417d-a420-3eb027c77588",,688,false,,,2025-06-23T23:13:01.344Z,2025-06-23T23:13:01.344Z
"24dbd6dc-024d-4b08-be47-a9d5a525263d",,689,false,,,2025-06-23T23:13:01.350Z,2025-06-23T23:13:01.350Z
"38939b7e-65d1-4869-abaf-d058fc8b0944",,690,false,,,2025-06-23T23:13:01.355Z,2025-06-23T23:13:01.355Z
"03b1eeeb-3811-4a85-927d-12cf704ad2b6",,691,false,,,2025-06-23T23:13:01.361Z,2025-06-23T23:13:01.361Z
"11e97142-24de-424d-92b2-17e58f6ef0fc",,692,false,,,2025-06-23T23:13:01.367Z,2025-06-23T23:13:01.367Z
"49a7424a-c5ce-4b4e-ad4e-b5715ef35399",,693,false,,,2025-06-23T23:13:01.372Z,2025-06-23T23:13:01.372Z
"d2580901-f8ec-4c39-acb3-4c0c96449941",,694,false,,,2025-06-23T23:13:01.380Z,2025-06-23T23:13:01.380Z
"060cf485-3a2b-4f38-9d99-15d87d7cb5c9",,695,false,,,2025-06-23T23:13:01.386Z,2025-06-23T23:13:01.386Z
"1c5bfb5a-3fb9-41fc-911b-3485ed21fed7",,696,false,,,2025-06-23T23:13:01.391Z,2025-06-23T23:13:01.391Z
"b93091d7-f2c3-408e-94c7-e1ab80a9ff1e",,697,false,,,2025-06-23T23:13:01.397Z,2025-06-23T23:13:01.397Z
"b5c7353f-6b6a-430e-86d1-73ee24470dd8",,698,false,,,2025-06-23T23:13:01.402Z,2025-06-23T23:13:01.402Z
"5a8e9794-a9db-46b7-b6d4-af3dfcaa4253",,699,false,,,2025-06-23T23:13:01.407Z,2025-06-23T23:13:01.407Z
"fc0a33af-fa29-4e00-a429-07b898912406",,700,false,,,2025-06-23T23:13:01.413Z,2025-06-23T23:13:01.413Z
"681aa7e5-a147-434d-9726-af3a81e8c163",,701,false,,,2025-06-23T23:13:01.419Z,2025-06-23T23:13:01.419Z
"9f3059cc-b550-4888-af15-c15f5d231bbb",,702,false,,,2025-06-23T23:13:01.424Z,2025-06-23T23:13:01.424Z
"c26e140a-c73a-4f99-aa0d-42d186e5e1fc",,703,false,,,2025-06-23T23:13:01.430Z,2025-06-23T23:13:01.430Z
"cbff2c02-2e88-4e98-9f13-121db8034e93",,704,false,,,2025-06-23T23:13:01.436Z,2025-06-23T23:13:01.436Z
"98b05a4c-dbad-438e-b4ec-bd92082a05a2",,705,false,,,2025-06-23T23:13:01.441Z,2025-06-23T23:13:01.441Z
"f7be3706-4a73-4db6-8efd-e6dc036c6c2b",,706,false,,,2025-06-23T23:13:01.447Z,2025-06-23T23:13:01.447Z
"4439f1e4-8dda-4509-a23b-bf15deb5128b",,707,false,,,2025-06-23T23:13:01.452Z,2025-06-23T23:13:01.452Z
"25e0e6e6-188c-495e-8d6d-e869aad7a176",,708,false,,,2025-06-23T23:13:01.458Z,2025-06-23T23:13:01.458Z
"e82a1491-948a-4f9a-90b6-215ac62f82b0",,709,false,,,2025-06-23T23:13:01.464Z,2025-06-23T23:13:01.464Z
"b226be3d-73f6-43ee-a68b-feb0f6a3ee38",,710,false,,,2025-06-23T23:13:01.470Z,2025-06-23T23:13:01.470Z
"28c0f459-b55c-4da8-895d-91a5dca36c45",,711,false,,,2025-06-23T23:13:01.476Z,2025-06-23T23:13:01.476Z
"fe70c626-453f-4ac4-9fc6-23a0ad05c09d",,712,false,,,2025-06-23T23:13:01.483Z,2025-06-23T23:13:01.483Z
"b57a1e6b-8f06-48cf-af5c-23ffcc71a20e",,713,false,,,2025-06-23T23:13:01.491Z,2025-06-23T23:13:01.491Z
"30ac6d94-e43e-45fa-bd67-001d37feb6a9",,714,false,,,2025-06-23T23:13:01.498Z,2025-06-23T23:13:01.498Z
"df929bc3-4c3c-471e-879d-5bc2d1101b33",,715,false,,,2025-06-23T23:13:01.504Z,2025-06-23T23:13:01.504Z
"9af989eb-b44a-4c1c-84d1-cc1ee5bb4aed",,716,false,,,2025-06-23T23:13:01.510Z,2025-06-23T23:13:01.510Z
"ff41f816-b8ee-48c4-987e-e742733fd272",,717,false,,,2025-06-23T23:13:01.516Z,2025-06-23T23:13:01.516Z
"36a3bcea-ce34-4e52-b893-b8ab3f1df15e",,718,false,,,2025-06-23T23:13:01.522Z,2025-06-23T23:13:01.522Z
"0b0a10db-1c62-43f1-af83-44282cafb210",,719,false,,,2025-06-23T23:13:01.528Z,2025-06-23T23:13:01.528Z
"b0a5e9d4-8660-4e6d-8ef9-1729243f303d",,720,false,,,2025-06-23T23:13:01.534Z,2025-06-23T23:13:01.534Z
"31d17a59-0bb7-410f-b516-85141f696111",,721,false,,,2025-06-23T23:13:01.540Z,2025-06-23T23:13:01.540Z
"d13b2400-e8f0-404f-8ca7-96ce18bb425e",,722,false,,,2025-06-23T23:13:01.545Z,2025-06-23T23:13:01.545Z
"841dd330-b2d3-4aad-b235-54806ed02ec9",,723,false,,,2025-06-23T23:13:01.551Z,2025-06-23T23:13:01.551Z
"27fa460d-ad99-43eb-864c-597007f628a7",,724,false,,,2025-06-23T23:13:01.556Z,2025-06-23T23:13:01.556Z
"db926b4b-9835-41aa-81a6-73b1c84ca74a",,725,false,,,2025-06-23T23:13:01.562Z,2025-06-23T23:13:01.562Z
"3cc3e9d4-8b63-4b89-9398-e3bce5c92d26",,726,false,,,2025-06-23T23:13:01.568Z,2025-06-23T23:13:01.568Z
"a89961d2-ef04-438b-998a-211b5c1d4625",,727,false,,,2025-06-23T23:13:01.573Z,2025-06-23T23:13:01.573Z
"09fbc6b7-f0e9-407d-8ab3-faf0c70a9fbe",,728,false,,,2025-06-23T23:13:01.579Z,2025-06-23T23:13:01.579Z
"c3034068-7aca-4d06-8c29-384ba06ee0e9",,729,false,,,2025-06-23T23:13:01.598Z,2025-06-23T23:13:01.598Z
"c616059c-5e74-44d6-99b3-59b2a7897408",,730,false,,,2025-06-23T23:13:01.604Z,2025-06-23T23:13:01.604Z
"7bd1bc53-37c2-4282-9bfd-d9c6f9f1382a",,731,false,,,2025-06-23T23:13:01.609Z,2025-06-23T23:13:01.609Z
"ea723974-7013-44c7-a45d-2c9ff09bbf9b",,732,false,,,2025-06-23T23:13:01.615Z,2025-06-23T23:13:01.615Z
"138d14cd-b6eb-4450-80d9-b96c1a2bcda3",,733,false,,,2025-06-23T23:13:01.620Z,2025-06-23T23:13:01.620Z
"3599a0d6-60a8-46ae-817e-6abe43220a7b",,734,false,,,2025-06-23T23:13:01.626Z,2025-06-23T23:13:01.626Z
"2f9d08c5-476f-44e9-903d-85583a3eb652",,735,false,,,2025-06-23T23:13:01.631Z,2025-06-23T23:13:01.631Z
"d21e8885-8c57-4b2a-8068-f24b55f5ef09",,736,false,,,2025-06-23T23:13:01.637Z,2025-06-23T23:13:01.637Z
"670219e9-b8c6-4042-b6ed-20ad8af57d6e",,737,false,,,2025-06-23T23:13:01.643Z,2025-06-23T23:13:01.643Z
"9d3f1c58-1d57-46fd-8486-56d0f337b0cc",,738,false,,,2025-06-23T23:13:01.648Z,2025-06-23T23:13:01.648Z
"30795314-32f3-492f-87b3-8ada92c0c556",,739,false,,,2025-06-23T23:13:01.655Z,2025-06-23T23:13:01.655Z
"ab05bc5e-f4ed-4186-9c0e-d761faf83233",,740,false,,,2025-06-23T23:13:01.660Z,2025-06-23T23:13:01.660Z
"b70e5e82-cae6-4a74-b400-9387ccc12971",,741,false,,,2025-06-23T23:13:01.666Z,2025-06-23T23:13:01.666Z
"a9fd3f35-9255-46d1-bbb7-0d385d5dbfd8",,742,false,,,2025-06-23T23:13:01.672Z,2025-06-23T23:13:01.672Z
"14c57984-4a45-493d-8a51-f3eb1bc061a1",,743,false,,,2025-06-23T23:13:01.678Z,2025-06-23T23:13:01.678Z
"c1275d58-3647-43d1-9f8e-778a42163dc9",,744,false,,,2025-06-23T23:13:01.683Z,2025-06-23T23:13:01.683Z
"d45bdd97-e0bc-421f-867f-2781139fd4f4",,745,false,,,2025-06-23T23:13:01.689Z,2025-06-23T23:13:01.689Z
"48b7d6f3-0d53-42e2-8b9a-60f1e5b74f39",,746,false,,,2025-06-23T23:13:01.694Z,2025-06-23T23:13:01.694Z
"93350497-ed92-4d09-aefa-c2f823774072",,747,false,,,2025-06-23T23:13:01.700Z,2025-06-23T23:13:01.700Z
"6d247a22-9090-4c6b-a37d-8b76ce1acfb5",,748,false,,,2025-06-23T23:13:01.706Z,2025-06-23T23:13:01.706Z
"cdc9d83e-44cb-4a44-a3f3-57bd2fa33495",,749,false,,,2025-06-23T23:13:01.711Z,2025-06-23T23:13:01.711Z
"2e1fca0f-2370-415e-bb5f-de4d359e6af1",,750,false,,,2025-06-23T23:13:01.717Z,2025-06-23T23:13:01.717Z
"db93d76b-dba6-473e-b486-88beb87ec3b8",,751,false,,,2025-06-23T23:13:01.722Z,2025-06-23T23:13:01.722Z
"3a94a229-9274-450e-b887-1caa50c863b2",,752,false,,,2025-06-23T23:13:01.728Z,2025-06-23T23:13:01.728Z
"8bf2e06a-2603-40c1-a833-0f97ced00550",,753,false,,,2025-06-23T23:13:01.734Z,2025-06-23T23:13:01.734Z
"d2e99d77-f465-48d1-a695-5fa08ec3a8d1",,754,false,,,2025-06-23T23:13:01.740Z,2025-06-23T23:13:01.740Z
"03c9521c-c713-4e28-aa57-dce6f7eb7a95",,755,false,,,2025-06-23T23:13:01.745Z,2025-06-23T23:13:01.745Z
"9cc04ee2-eb85-4487-923d-25cdcf697a2c",,756,false,,,2025-06-23T23:13:01.751Z,2025-06-23T23:13:01.751Z
"e6bf38a5-ef0a-4775-8d7c-830f75e26427",,757,false,,,2025-06-23T23:13:01.757Z,2025-06-23T23:13:01.757Z
"6d471cb0-df52-4520-bf40-b694b8f0c58c",,758,false,,,2025-06-23T23:13:01.762Z,2025-06-23T23:13:01.762Z
"c3b71bdd-b570-4da1-ba0e-7b9545cf64e0",,759,false,,,2025-06-23T23:13:01.768Z,2025-06-23T23:13:01.768Z
"574bd672-5180-44ab-8d5e-55765d404ff5",,760,false,,,2025-06-23T23:13:01.773Z,2025-06-23T23:13:01.773Z
"c82f40e9-97a6-4fee-ae10-ccf387cc45b7",,761,false,,,2025-06-23T23:13:01.779Z,2025-06-23T23:13:01.779Z
"2fe6e894-382b-4157-a1ad-9b58d83e4ff8",,762,false,,,2025-06-23T23:13:01.785Z,2025-06-23T23:13:01.785Z
"e6f3769d-210f-4dc0-ab07-e3dfdcae30af",,763,false,,,2025-06-23T23:13:01.796Z,2025-06-23T23:13:01.796Z
"2c0587a1-9d71-4e95-a00d-16e87dfb77ea",,764,false,,,2025-06-23T23:13:01.801Z,2025-06-23T23:13:01.801Z
"a3d8888d-d2ad-4ff7-a996-2e7ab7b1136a",,765,false,,,2025-06-23T23:13:01.807Z,2025-06-23T23:13:01.807Z
"f5b2ba33-6116-4176-bffc-d27b12624865",,766,false,,,2025-06-23T23:13:01.812Z,2025-06-23T23:13:01.812Z
"c9f352ee-da2d-4099-a3eb-c24da5cf499d",,767,false,,,2025-06-23T23:13:01.818Z,2025-06-23T23:13:01.818Z
"121e3afa-a83d-4a65-8ada-e4334f6395a9",,768,false,,,2025-06-23T23:13:01.823Z,2025-06-23T23:13:01.823Z
"ded03006-17af-4fd8-b802-ade93ef520d6",,769,false,,,2025-06-23T23:13:01.828Z,2025-06-23T23:13:01.828Z
"3f4f29fa-5434-4368-92e1-848a769d14a7",,770,false,,,2025-06-23T23:13:01.834Z,2025-06-23T23:13:01.834Z
"68c4726b-d164-4d81-8eb6-8b82afc91c40",,771,false,,,2025-06-23T23:13:01.840Z,2025-06-23T23:13:01.840Z
"1b74ed48-8131-4c93-8eea-621e5d607e41",,772,false,,,2025-06-23T23:13:01.846Z,2025-06-23T23:13:01.846Z
"7c157656-a819-45e7-9e37-6f45bffba800",,773,false,,,2025-06-23T23:13:01.851Z,2025-06-23T23:13:01.851Z
"8090c671-acf6-4661-9145-c7bfcd34fe9b",,774,false,,,2025-06-23T23:13:01.857Z,2025-06-23T23:13:01.857Z
"04058512-ceaf-4a61-94a1-3d9baff6389d",,775,false,,,2025-06-23T23:13:01.864Z,2025-06-23T23:13:01.864Z
"51259cb4-5c7c-4f3b-8db9-fbc3f0c1c1cd",,776,false,,,2025-06-23T23:13:01.869Z,2025-06-23T23:13:01.869Z
"bb7cb2a8-c1bf-4d27-855e-3b83e4914b0a",,777,false,,,2025-06-23T23:13:01.875Z,2025-06-23T23:13:01.875Z
"01d97f72-6efa-4442-96c9-63622eb4189e",,778,false,,,2025-06-23T23:13:01.881Z,2025-06-23T23:13:01.881Z
"507a3b8e-191b-4642-962b-123a1747e18d",,779,false,,,2025-06-23T23:13:01.887Z,2025-06-23T23:13:01.887Z
"dbf1b7c6-2088-4205-822b-3b59cc0ef0e8",,780,false,,,2025-06-23T23:13:01.893Z,2025-06-23T23:13:01.893Z
"11e66492-cb44-4100-a65b-16649ff2f3cf",,781,false,,,2025-06-23T23:13:01.898Z,2025-06-23T23:13:01.898Z
"77645f01-aa7b-42e9-971f-a871ef24b809",,782,false,,,2025-06-23T23:13:01.904Z,2025-06-23T23:13:01.904Z
"03fc97c4-e9bf-43e6-b889-e0acc8df032b",,783,false,,,2025-06-23T23:13:01.909Z,2025-06-23T23:13:01.909Z
"6ed485b5-869f-4281-be0b-563fd7aea0fa",,784,false,,,2025-06-23T23:13:01.915Z,2025-06-23T23:13:01.915Z
"4eb289e1-c112-4c17-908b-6ab330177c19",,785,false,,,2025-06-23T23:13:01.921Z,2025-06-23T23:13:01.921Z
"4b5e236f-90c3-4257-8d76-0e8e12a04cac",,786,false,,,2025-06-23T23:13:01.926Z,2025-06-23T23:13:01.926Z
"6375efca-4798-4a5a-a830-419bb999c7e1",,787,false,,,2025-06-23T23:13:01.931Z,2025-06-23T23:13:01.931Z
"139d97ac-2ab5-4f04-82a1-8bb3a8f6a28f",,788,false,,,2025-06-23T23:13:01.936Z,2025-06-23T23:13:01.936Z
"810d195c-4c61-431e-b1f9-920a22da9c23",,789,false,,,2025-06-23T23:13:01.942Z,2025-06-23T23:13:01.942Z
"48f38eef-a673-4f99-8679-4744576c7f2e",,790,false,,,2025-06-23T23:13:01.948Z,2025-06-23T23:13:01.948Z
"6f6f3381-5650-48b2-8fc3-b3dc953fce18",,791,false,,,2025-06-23T23:13:01.953Z,2025-06-23T23:13:01.953Z
"1c5adb26-6ce0-4bb2-bdd1-eb7a02498a96",,792,false,,,2025-06-23T23:13:01.958Z,2025-06-23T23:13:01.958Z
"a06012aa-8762-4622-abca-5de74ad8ab3b",,793,false,,,2025-06-23T23:13:01.967Z,2025-06-23T23:13:01.967Z
"de490fc0-5bc2-4555-a779-8bc4a8592ab4",,794,false,,,2025-06-23T23:13:01.975Z,2025-06-23T23:13:01.975Z
"3a1b0bfb-9d2e-4f0d-8962-8f0b12132aea",,795,false,,,2025-06-23T23:13:01.984Z,2025-06-23T23:13:01.984Z
"0219cb6c-b3c7-42b5-b60e-177d934026b2",,796,false,,,2025-06-23T23:13:01.993Z,2025-06-23T23:13:01.993Z
"2ba5090b-2b5b-4136-8fcd-2ab3362f3071",,797,false,,,2025-06-23T23:13:02.002Z,2025-06-23T23:13:02.002Z
"70b0a5b0-3804-4c5e-9e07-45b5f344c815",,798,false,,,2025-06-23T23:13:02.007Z,2025-06-23T23:13:02.007Z
"d4715fd6-c490-47d6-97c3-5cd37bde69cb",,799,false,,,2025-06-23T23:13:02.013Z,2025-06-23T23:13:02.013Z
"a36ddcfc-2665-4117-b2fa-fee26f82babd",,800,false,,,2025-06-23T23:13:02.019Z,2025-06-23T23:13:02.019Z
"ec9efb68-fdb3-483f-90a1-0c7b82548fb3",,801,false,,,2025-06-23T23:13:02.025Z,2025-06-23T23:13:02.025Z
"2ceba806-b8f0-403e-b120-2d3c314bf88a",,802,false,,,2025-06-23T23:13:02.031Z,2025-06-23T23:13:02.031Z
"321c45b1-12a0-4595-b7c9-12a926044f2b",,803,false,,,2025-06-23T23:13:02.037Z,2025-06-23T23:13:02.037Z
"112e6810-5f89-4e89-9a6e-e12d4b62de70",,804,false,,,2025-06-23T23:13:02.043Z,2025-06-23T23:13:02.043Z
"045dd110-2fd8-45d3-b22e-6bfc887a90c1",,805,false,,,2025-06-23T23:13:02.048Z,2025-06-23T23:13:02.048Z
"de445ec5-2122-4aa6-b39e-a286ba35a903",,806,false,,,2025-06-23T23:13:02.054Z,2025-06-23T23:13:02.054Z
"431353e9-489e-4749-9766-95e40c2b4d7d",,807,false,,,2025-06-23T23:13:02.060Z,2025-06-23T23:13:02.060Z
"b87c99ca-44c7-4cab-b6fa-d358029cdaa6",,808,false,,,2025-06-23T23:13:02.065Z,2025-06-23T23:13:02.065Z
"91a15627-06b8-4692-8d85-4ba45a43a118",,809,false,,,2025-06-23T23:13:02.071Z,2025-06-23T23:13:02.071Z
"04d8b1ae-0868-44f1-84e7-103a139446c1",,810,false,,,2025-06-23T23:13:02.076Z,2025-06-23T23:13:02.076Z
"072f630c-1614-454b-96d6-70fa21618b37",,811,false,,,2025-06-23T23:13:02.081Z,2025-06-23T23:13:02.081Z
"991ad882-65fb-49b0-9420-b6223549673e",,812,false,,,2025-06-23T23:13:02.090Z,2025-06-23T23:13:02.090Z
"8489b496-faaf-4d1d-96f0-7b5e8199521e",,813,false,,,2025-06-23T23:13:02.098Z,2025-06-23T23:13:02.098Z
"f11e0d88-07ad-4d0e-a9c2-0c26a03f9ebf",,814,false,,,2025-06-23T23:13:02.104Z,2025-06-23T23:13:02.104Z
"53cce626-4aad-41dd-9cd6-686a3f311ef9",,815,false,,,2025-06-23T23:13:02.120Z,2025-06-23T23:13:02.120Z
"de6b1a18-3300-41a6-9561-6df81cc0c214",,816,false,,,2025-06-23T23:13:02.131Z,2025-06-23T23:13:02.131Z
"461ea8df-8f6f-4a46-a2c7-170d3f2fc0e5",,817,false,,,2025-06-23T23:13:02.141Z,2025-06-23T23:13:02.141Z
"428edffd-608d-4210-a9f2-bb27a3b7ec27",,818,false,,,2025-06-23T23:13:02.151Z,2025-06-23T23:13:02.151Z
"a4038adc-ed78-4785-a25f-4714d22cd2c6",,819,false,,,2025-06-23T23:13:02.162Z,2025-06-23T23:13:02.162Z
"150b6286-ba11-45ec-9927-4185df189a27",,820,false,,,2025-06-23T23:13:02.171Z,2025-06-23T23:13:02.171Z
"96bc67d5-0c52-4e1b-8d40-e0dc4705a2ad",,821,false,,,2025-06-23T23:13:02.184Z,2025-06-23T23:13:02.184Z
"42759030-1726-4b34-a425-4ba8a94336c3",,822,false,,,2025-06-23T23:13:02.198Z,2025-06-23T23:13:02.198Z
"1f499d25-3648-40f2-8683-6c5863bd533f",,823,false,,,2025-06-23T23:13:02.208Z,2025-06-23T23:13:02.208Z
"1bf616be-75b0-4e2f-b9c6-ae0e1f2a2adf",,824,false,,,2025-06-23T23:13:02.214Z,2025-06-23T23:13:02.214Z
"9a778d2e-ff59-46e3-a5ed-43486fa492e5",,825,false,,,2025-06-23T23:13:02.220Z,2025-06-23T23:13:02.220Z
"0b38784b-23ab-448f-a1d7-1611674a75fd",,826,false,,,2025-06-23T23:13:02.232Z,2025-06-23T23:13:02.232Z
"07bbc3ee-8f15-4268-9738-858e3a51351f",,827,false,,,2025-06-23T23:13:02.237Z,2025-06-23T23:13:02.237Z
"ab19ff12-550f-4bf3-8b5d-16b81b04e385",,828,false,,,2025-06-23T23:13:02.242Z,2025-06-23T23:13:02.242Z
"44800266-f59d-4bc0-a304-4d579376c777",,829,false,,,2025-06-23T23:13:02.248Z,2025-06-23T23:13:02.248Z
"31e9c7b1-e94c-4eec-ace5-9fad41278373",,830,false,,,2025-06-23T23:13:02.254Z,2025-06-23T23:13:02.254Z
"be2116e0-c0e5-404a-ba82-8784a043ffc4",,831,false,,,2025-06-23T23:13:02.259Z,2025-06-23T23:13:02.259Z
"b1d57941-e253-4182-b8c6-9fb9f8846f73",,832,false,,,2025-06-23T23:13:02.266Z,2025-06-23T23:13:02.266Z
"fb3dfe44-9acb-4b50-8ad2-3a226bbeb1db",,833,false,,,2025-06-23T23:13:02.271Z,2025-06-23T23:13:02.271Z
"2a82c374-0fde-454e-958b-3438c2cc77a3",,834,false,,,2025-06-23T23:13:02.277Z,2025-06-23T23:13:02.277Z
"5a0517fe-76e5-4c82-b17e-ef27e23d717e",,835,false,,,2025-06-23T23:13:02.282Z,2025-06-23T23:13:02.282Z
"bac87af7-6eef-424a-b792-a8dcca989ded",,836,false,,,2025-06-23T23:13:02.287Z,2025-06-23T23:13:02.287Z
"5a09f76d-8243-4889-92a2-eae54a787264",,837,false,,,2025-06-23T23:13:02.293Z,2025-06-23T23:13:02.293Z
"71947306-26ae-40a5-a22e-7e9ef1731389",,838,false,,,2025-06-23T23:13:02.299Z,2025-06-23T23:13:02.299Z
"0333b85a-d048-4118-bc26-b738146711ca",,839,false,,,2025-06-23T23:13:02.304Z,2025-06-23T23:13:02.304Z
"c13406b5-24da-4f51-98a9-f360fb448eee",,840,false,,,2025-06-23T23:13:02.310Z,2025-06-23T23:13:02.310Z
"97fe03f0-4529-4174-8213-87b71382e7db",,841,false,,,2025-06-23T23:13:02.315Z,2025-06-23T23:13:02.315Z
"c2b7e5b9-7cb8-4930-8ee0-3517f61edf4b",,842,false,,,2025-06-23T23:13:02.321Z,2025-06-23T23:13:02.321Z
"521b143f-52f6-4d57-b7f5-3844d5b71c59",,843,false,,,2025-06-23T23:13:02.327Z,2025-06-23T23:13:02.327Z
"4ad9e330-e838-46c7-8161-7d2c49a41ddb",,844,false,,,2025-06-23T23:13:02.333Z,2025-06-23T23:13:02.333Z
"57c403e5-4a76-41a1-b7a8-370b340abcba",,845,false,,,2025-06-23T23:13:02.339Z,2025-06-23T23:13:02.339Z
"2805a6e6-251a-43cb-a603-81b0593111fe",,846,false,,,2025-06-23T23:13:02.345Z,2025-06-23T23:13:02.345Z
"b3d2351f-01aa-4167-8209-2a337b745a08",,847,false,,,2025-06-23T23:13:02.351Z,2025-06-23T23:13:02.351Z
"5521a38f-8eb1-47d7-af2e-b1df80d2c234",,848,false,,,2025-06-23T23:13:02.357Z,2025-06-23T23:13:02.357Z
"9019c7b2-eed5-47de-94fc-bb064e596299",,849,false,,,2025-06-23T23:13:02.363Z,2025-06-23T23:13:02.363Z
"bf5ad7e8-8762-4369-9f48-5564fda435ba",,850,false,,,2025-06-23T23:13:02.369Z,2025-06-23T23:13:02.369Z
"cc033b30-9de5-4e4b-bba4-ae2990712c46",,851,false,,,2025-06-23T23:13:02.376Z,2025-06-23T23:13:02.376Z
"20250131-3522-4e43-9075-c84b100ee271",,852,false,,,2025-06-23T23:13:02.382Z,2025-06-23T23:13:02.382Z
"fdf06e38-8846-40bc-8df4-ee71e1d982d9",,853,false,,,2025-06-23T23:13:02.389Z,2025-06-23T23:13:02.389Z
"497b1c97-74d4-41d9-8780-dea39aee7f76",,854,false,,,2025-06-23T23:13:02.394Z,2025-06-23T23:13:02.394Z
"69cd8ca7-0a54-4d88-b92f-767dee656706",,855,false,,,2025-06-23T23:13:02.402Z,2025-06-23T23:13:02.402Z
"c38bfb25-27e0-4870-a345-86bcc82ed63a",,856,false,,,2025-06-23T23:13:02.411Z,2025-06-23T23:13:02.411Z
"9cef796a-62ed-4f48-9cdb-11be3b257c61",,857,false,,,2025-06-23T23:13:02.417Z,2025-06-23T23:13:02.417Z
"4c59aa3f-f03a-42ec-9066-4c7b53dfb526",,858,false,,,2025-06-23T23:13:02.447Z,2025-06-23T23:13:02.447Z
"6bf9f21e-1c40-4431-bc26-738dd167dbb4",,859,false,,,2025-06-23T23:13:02.453Z,2025-06-23T23:13:02.453Z
"19ad7e48-381d-4ffc-b72e-a0ff639e5808",,860,false,,,2025-06-23T23:13:02.460Z,2025-06-23T23:13:02.460Z
"ce3a93e3-f08c-403a-859d-e9d42ad289d0",,861,false,,,2025-06-23T23:13:02.467Z,2025-06-23T23:13:02.467Z
"98dfa6d3-8da5-457d-b88b-efbf29c0f560",,862,false,,,2025-06-23T23:13:02.473Z,2025-06-23T23:13:02.473Z
"120f37f1-1930-404b-b9c7-f7c5495aa11b",,863,false,,,2025-06-23T23:13:02.478Z,2025-06-23T23:13:02.478Z
"846dd7ee-ee2d-49e9-aa08-6702c658509c",,864,false,,,2025-06-23T23:13:02.495Z,2025-06-23T23:13:02.495Z
"322208de-12f4-4b49-a0bb-897e71a1f0af",,865,false,,,2025-06-23T23:13:02.502Z,2025-06-23T23:13:02.502Z
"5add71f7-5fcd-4855-842e-2b64f0f6637b",,866,false,,,2025-06-23T23:13:02.509Z,2025-06-23T23:13:02.509Z
"ab6ea037-c420-4e5f-b11d-1ebda54c42a9",,867,false,,,2025-06-23T23:13:02.517Z,2025-06-23T23:13:02.517Z
"46d912ef-19dc-4624-8100-2b4bf41ce117",,868,false,,,2025-06-23T23:13:02.523Z,2025-06-23T23:13:02.523Z
"d8a5346f-b296-4efe-9715-0ace4c6041ff",,869,false,,,2025-06-23T23:13:02.530Z,2025-06-23T23:13:02.530Z
"37d07d32-ceb5-4af2-8805-6b4e72d562f3",,870,false,,,2025-06-23T23:13:02.536Z,2025-06-23T23:13:02.536Z
"f7e5ba3a-530c-46cd-a0c0-97446a0812d0",,871,false,,,2025-06-23T23:13:02.542Z,2025-06-23T23:13:02.542Z
"1e424002-5317-469a-9fc9-a52fd3eb803d",,872,false,,,2025-06-23T23:13:02.548Z,2025-06-23T23:13:02.548Z
"ad8de441-8f73-4887-82f9-6cdb1f826657",,873,false,,,2025-06-23T23:13:02.555Z,2025-06-23T23:13:02.555Z
"de13c1c9-b518-4c5d-82c9-a45c1efb50a3",,874,false,,,2025-06-23T23:13:02.562Z,2025-06-23T23:13:02.562Z
"ae3613b5-4eb0-4868-b27a-74bf718071f3",,875,false,,,2025-06-23T23:13:02.568Z,2025-06-23T23:13:02.568Z
"da2293cb-a44d-491b-bf62-86dcdb57b030",,876,false,,,2025-06-23T23:13:02.573Z,2025-06-23T23:13:02.573Z
"59f104b8-bbb6-40e6-b17a-a395f5758d9c",,877,false,,,2025-06-23T23:13:02.578Z,2025-06-23T23:13:02.578Z
"9baa6d18-c23a-4911-8620-f9a851689bc3",,878,false,,,2025-06-23T23:13:02.584Z,2025-06-23T23:13:02.584Z
"c3d10cde-f140-448c-97fc-485318892a0a",,879,false,,,2025-06-23T23:13:02.589Z,2025-06-23T23:13:02.589Z
"32c1d8fe-60c1-4d84-b580-3affd73b7b5e",,880,false,,,2025-06-23T23:13:02.595Z,2025-06-23T23:13:02.595Z
"e3c9756b-3a52-4461-a807-68d161c2dddf",,881,false,,,2025-06-23T23:13:02.600Z,2025-06-23T23:13:02.600Z
"c39adbae-b1f0-49d0-895f-d1c5ae9e22b5",,882,false,,,2025-06-23T23:13:02.606Z,2025-06-23T23:13:02.606Z
"aabfcbde-5789-4276-b1fe-c4673a6e4c02",,883,false,,,2025-06-23T23:13:02.628Z,2025-06-23T23:13:02.628Z
"e09bf0cc-7fde-42cf-ab1f-3d99b2debea7",,884,false,,,2025-06-23T23:13:02.661Z,2025-06-23T23:13:02.661Z
"289ca3b3-d5f3-4b4a-93a3-ff4c1312c25f",,885,false,,,2025-06-23T23:13:02.690Z,2025-06-23T23:13:02.690Z
"ab3fcbbf-5f7e-46c9-adff-d487e2f4782b",,886,false,,,2025-06-23T23:13:02.720Z,2025-06-23T23:13:02.720Z
"0e3cff1f-2791-4914-9c65-53b17b438377",,887,false,,,2025-06-23T23:13:02.727Z,2025-06-23T23:13:02.727Z
"0a27b9d2-dd04-4b3a-8beb-975af278a7c0",,888,false,,,2025-06-23T23:13:02.736Z,2025-06-23T23:13:02.736Z
"bddaeb64-8608-4f20-83ca-f3013fb078ee",,889,false,,,2025-06-23T23:13:02.765Z,2025-06-23T23:13:02.765Z
"f509f0e5-62f0-4568-a5db-9d8055953fdd",,890,false,,,2025-06-23T23:13:02.795Z,2025-06-23T23:13:02.795Z
"1c130672-c977-4005-8883-17b3539f199e",,898,false,,,2025-06-23T23:13:02.877Z,2025-06-23T23:13:02.877Z
"b8742c8a-19e4-43de-8754-fb2dc1364a59",,899,false,,,2025-06-23T23:13:02.884Z,2025-06-23T23:13:02.884Z
"3ab584c0-0a51-4d62-9255-522cb83fad75",,900,false,,,2025-06-23T23:13:02.889Z,2025-06-23T23:13:02.889Z
"1491c457-f4a2-4673-b105-b9343220fb2f",,901,false,,,2025-06-23T23:13:02.895Z,2025-06-23T23:13:02.895Z
"455ca9f0-e5f5-46f3-bf0c-7d9d1900ac69",,902,false,,,2025-06-23T23:13:02.902Z,2025-06-23T23:13:02.902Z
"3e287d56-27fd-43f1-8f07-3c88bf60ed10",,903,false,,,2025-06-23T23:13:02.908Z,2025-06-23T23:13:02.908Z
"6c1ac8d0-bd4b-4310-ab31-ec4be93f32a8",,904,false,,,2025-06-23T23:13:02.914Z,2025-06-23T23:13:02.914Z
"75f3df58-5a5e-43c2-90c8-55ceb26c57da",,905,false,,,2025-06-23T23:13:02.920Z,2025-06-23T23:13:02.920Z
"4627e705-35f1-464f-aa72-12147ffe30a7",,11,true,,,2025-09-12T22:28:59.722Z,2025-09-12T22:28:59.722Z