id,userId,videoId,watched,watchDate,progress,createdAt,updatedAt
"c427cd45-240e-4f27-9086-35cbbe647f27",,4456,true,,,2025-06-23T23:13:02.933Z,2025-06-23T23:13:02.933Z
"457236e1-72b0-44c3-8217-37e9e9a220d3",,4457,true,,,2025-06-23T23:13:02.940Z,2025-06-23T23:13:02.940Z
"a0f759ac-bc91-42dd-82e7-9d1543cd8afe",,4458,true,,,2025-06-23T23:13:02.946Z,2025-06-23T23:13:02.946Z
"36145c76-1af4-4a82-8933-57fa6a6479b8",,4459,true,,,2025-06-23T23:13:02.951Z,2025-06-23T23:13:02.951Z
"a0a203d3-a779-4d0d-b962-323f50133c31",,4460,true,,,2025-06-23T23:13:02.958Z,2025-06-23T23:13:02.958Z
"5914b4ca-7f62-4469-b977-ece417b28b9e",,4461,false,,,2025-06-23T23:13:02.963Z,2025-06-23T23:13:02.963Z
"80c0c773-a671-4c90-97ed-93cebe2f385d",,4462,true,,,2025-06-23T23:13:02.969Z,2025-06-23T23:13:02.969Z
"77e73dbb-7da7-44d5-95dc-aa0fc7a5c020",,4463,true,,,2025-06-23T23:13:02.974Z,2025-06-23T23:13:02.974Z
"46abbdf8-31cd-4d3e-bac2-c155e459535b",,4464,true,,,2025-06-23T23:13:02.979Z,2025-06-23T23:13:02.979Z
"b55cf319-80f8-46bb-a8b4-fd2f7b562b86",,4465,true,,,2025-06-23T23:13:02.985Z,2025-06-23T23:13:02.985Z
"5bb30595-bb17-49d2-b8cf-6d1b2679d71b",,4466,true,,,2025-06-23T23:13:02.991Z,2025-06-23T23:13:02.991Z
"fd83a53c-7aae-45a3-85b5-ade7766c51f1",,4467,true,,,2025-06-23T23:13:02.996Z,2025-06-23T23:13:02.996Z
"99bfac49-c9ab-4c7a-8e86-3d5a5b621e16",,4468,true,,,2025-06-23T23:13:03.001Z,2025-06-23T23:13:03.001Z
"42da7e0c-74d8-4ad1-bf46-66ff877c34d7",,4469,true,,,2025-06-23T23:13:03.007Z,2025-06-23T23:13:03.007Z
"3ec19d06-5785-42ce-9ccd-9b429faed99f",,4470,false,,,2025-06-23T23:13:03.013Z,2025-06-23T23:13:03.013Z
"f7c736bd-edca-404b-bfe1-37c68fd5f8b2",,4471,false,,,2025-06-23T23:13:03.034Z,2025-06-23T23:13:03.034Z
"e6ab4850-c5c6-484f-83a9-8d342412d71b",,4472,false,,,2025-06-23T23:13:03.040Z,2025-06-23T23:13:03.040Z
"7bdf57b1-b9ca-4a3d-af38-80fe2aea57ac",,4473,false,,,2025-06-23T23:13:03.046Z,2025-06-23T23:13:03.046Z
"f53add41-e591-4db5-92fc-72fa650c4546",,4474,false,,,2025-06-23T23:13:03.051Z,2025-06-23T23:13:03.051Z
"21f4b91c-c997-4758-b304-11b11e418fc1",,4475,false,,,2025-06-23T23:13:03.057Z,2025-06-23T23:13:03.057Z
"c3feeb56-1eb7-43d3-8b08-99b7dcdebf25",,4476,false,,,2025-06-23T23:13:03.062Z,2025-06-23T23:13:03.062Z
"1d3a6d81-3e6d-4a7f-9165-338a4dcdaaf5",,4477,false,,,2025-06-23T23:13:03.069Z,2025-06-23T23:13:03.069Z
"0be22da5-fcbe-4394-bccb-117f83138124",,4478,false,,,2025-06-23T23:13:03.074Z,2025-06-23T23:13:03.074Z
"2e668a0f-4416-4195-9f61-ff9b7b71040b",,4479,false,,,2025-06-23T23:13:03.079Z,2025-06-23T23:13:03.079Z
"e883e2f3-59a6-481a-bb3e-f8c9ec289aa3",,4480,false,,,2025-06-23T23:13:03.085Z,2025-06-23T23:13:03.085Z
"f6753852-b10a-4a7d-9e52-7d3b938f6251",,4481,false,,,2025-06-23T23:13:03.091Z,2025-06-23T23:13:03.091Z
"7d8b1a45-1160-4c14-824a-cc414773adb2",,4482,true,,,2025-06-23T23:13:03.096Z,2025-09-12T22:09:43.146Z
"97dc4971-cc07-451b-8b81-a991db7257a0",,4483,true,,,2025-06-23T23:13:03.102Z,2025-09-12T22:09:43.164Z
"6ebb5243-0b15-4451-9f2b-8e551265316c",,4484,true,,,2025-06-23T23:13:03.107Z,2025-09-12T22:31:48.408Z
"0cda1efc-6508-447a-b6ab-3e89f8a732e9",,4485,false,,,2025-06-23T23:13:03.113Z,2025-06-23T23:13:03.113Z
"2569ed98-6fb1-44d5-abe8-0b8c26723f93",,4486,false,,,2025-06-23T23:13:03.121Z,2025-06-23T23:13:03.121Z
"6dd38fb5-7052-4887-951e-d71b3de98b64",,4487,false,,,2025-06-23T23:13:03.127Z,2025-06-23T23:13:03.127Z
"54ab849c-d474-45ad-a27d-9a1d4c012e2c",,4488,false,,,2025-06-23T23:13:03.133Z,2025-06-23T23:13:03.133Z
"e6bf962a-0503-4109-99f3-e1288575d1be",,4489,false,,,2025-06-23T23:13:03.138Z,2025-06-23T23:13:03.144Z
"0d7beb79-033c-42a4-9046-654bbdccd793",,4491,true,,,2025-06-23T23:13:03.150Z,2025-09-12T22:09:43.151Z
"45271e7e-e5df-4ce5-926b-fada45b81fb9",,4492,true,,,2025-06-23T23:13:03.155Z,2025-09-12T22:09:43.154Z
"bffcbb88-c003-4ff9-a40b-4ddcce3040ce",,4493,false,,,2025-06-23T23:13:03.160Z,2025-06-23T23:13:03.160Z
"59eb2284-8c46-44cf-9e98-2c7ffdadecf2",,4494,false,,,2025-06-23T23:13:03.166Z,2025-06-23T23:13:03.166Z
"1e75be70-6c50-4e7f-a118-925fbc59a66c",,4495,false,,,2025-06-23T23:13:03.172Z,2025-06-23T23:13:03.172Z
"fd04ab61-34ca-4aba-807d-b9bbda7491f2",,4496,false,,,2025-06-23T23:13:03.178Z,2025-06-23T23:13:03.178Z
"1a64bb21-dc39-4be3-b93c-4a116a300e70",,4497,false,,,2025-06-23T23:13:03.184Z,2025-06-23T23:13:03.184Z
"1632455b-bf0c-48fd-857b-cdf30088ed3d",,4498,false,,,2025-06-23T23:13:03.190Z,2025-06-23T23:13:03.190Z
"80c409ea-1ba1-459c-bc91-42c2308dddfa",,4499,false,,,2025-06-23T23:13:03.196Z,2025-06-23T23:13:03.196Z
"0541b271-4be3-4e3c-ba42-a0848c3e63f6",,4500,false,,,2025-06-23T23:13:03.202Z,2025-06-23T23:13:03.202Z
"a39ab4cf-ef51-4c96-9759-97a184ca9468",,4501,false,,,2025-06-23T23:13:03.208Z,2025-06-23T23:13:03.208Z
"f29d87e1-6715-420c-9e05-265278abac87",,4502,false,,,2025-06-23T23:13:03.214Z,2025-06-23T23:13:03.214Z
"c7b1e238-2fce-48db-9e4a-5b41e315856d",,4503,true,,,2025-06-23T23:13:03.220Z,2025-09-12T22:09:43.181Z
"098f1eaf-61e4-405a-b7ea-66287d293eb3",,4504,true,,,2025-06-23T23:13:03.226Z,2025-09-12T22:09:43.157Z
"1ed8c1b4-7acd-4f1f-9718-140fba55f1d4",,4505,true,,,2025-06-23T23:13:03.232Z,2025-09-12T22:09:43.174Z
"d43007fd-9c46-4a98-b3da-5908d7ff8296",,4506,false,,,2025-06-23T23:13:03.238Z,2025-06-23T23:13:03.238Z
"83d9a78a-3390-4586-b0dc-501338d570bd",,4507,false,,,2025-06-23T23:13:03.244Z,2025-06-23T23:13:03.244Z
"8c2fb32c-5ca2-4e53-874e-944f87b23d6f",,4508,false,,,2025-06-23T23:13:03.249Z,2025-06-23T23:13:03.249Z
"0507cae4-e7b6-4539-a298-f649c94f9d71",,4509,true,,,2025-06-23T23:13:03.255Z,2025-09-12T22:09:43.339Z
"995eb3ba-3f4a-43b2-8c09-72e0ce1aa173",,4510,true,,,2025-06-23T23:13:03.261Z,2025-06-23T23:13:03.261Z
"57dabc9d-66ec-40ca-96e0-339ea9863618",,4511,true,,,2025-06-23T23:13:03.266Z,2025-06-23T23:13:03.266Z
"a569fca5-0a3d-495b-8066-f119177e0cf7",,4512,false,,,2025-06-23T23:13:03.272Z,2025-06-23T23:13:03.272Z
"dc4c964e-10f0-4b1e-a666-ceb4f6bbc002",,4513,false,,,2025-06-23T23:13:03.277Z,2025-06-23T23:13:03.277Z
"cb9101b6-1add-4468-896b-bd8c856bf24c",,4514,false,,,2025-06-23T23:13:03.283Z,2025-06-23T23:13:03.283Z
"cc0d8e3d-8547-4ad3-a622-47cc17c85c11",,4515,false,,,2025-06-23T23:13:03.289Z,2025-06-23T23:13:03.289Z
"daad6361-6bd0-40e8-92c0-49cb19034235",,4516,false,,,2025-06-23T23:13:03.295Z,2025-06-23T23:13:03.295Z
"b9678613-5fef-4fc1-941e-9d4c28a0dada",,4517,false,,,2025-06-23T23:13:03.301Z,2025-06-23T23:13:03.301Z
"f8f394d2-c56b-49d9-a024-e03d2b924afe",,4518,false,,,2025-06-23T23:13:03.307Z,2025-06-23T23:13:03.307Z
"45d1b049-eab6-4ef8-b27a-ab1651141d75",,4520,true,,,2025-06-23T23:13:03.317Z,2025-09-12T22:09:43.334Z
"01667acc-671e-4c65-ba01-9e553037a73c",,4521,true,,,2025-06-23T23:13:03.326Z,2025-09-12T22:09:43.057Z
"f433542b-f99d-4100-9a0c-2c2f70a322d4",,4522,false,,,2025-06-23T23:13:03.332Z,2025-06-23T23:13:03.332Z
"321724d3-6ae6-4db3-97c8-cca8ebd73da9",,4524,false,,,2025-06-23T23:13:03.344Z,2025-06-23T23:13:03.344Z
"8ebbe467-b870-4a9f-acb5-92fe052d6f56",,4525,false,,,2025-06-23T23:13:03.350Z,2025-06-23T23:13:03.350Z
"a82844fd-c5c7-4dad-a928-76b00ea515d4",,4526,false,,,2025-06-23T23:13:03.355Z,2025-06-23T23:13:03.355Z
"2d040188-8cc6-4c1c-b5f1-8221ec37aa77",,4527,false,,,2025-06-23T23:13:03.361Z,2025-06-23T23:13:03.361Z
"bebc975c-c7f3-4cc9-9219-deb1b7d0057b",,4528,false,,,2025-06-23T23:13:03.367Z,2025-06-23T23:13:03.367Z
"80e7c5aa-cdc9-4bb0-aa95-13637d100592",,4529,false,,,2025-06-23T23:13:03.373Z,2025-06-23T23:13:03.373Z
"e6adfff9-7118-42f1-ae19-a598164b24e9",,4530,false,,,2025-06-23T23:13:03.379Z,2025-06-23T23:13:03.379Z
"4f90a21e-de06-46c1-bd99-68749ccd0d7f",,4531,false,,,2025-06-23T23:13:03.385Z,2025-06-23T23:13:03.385Z
"e10beaa5-1f9c-4cc3-8ac0-657fda9c42d3",,4532,false,,,2025-06-23T23:13:03.391Z,2025-06-23T23:13:03.391Z
"6a4f88ce-70c4-43d6-8db2-3b585b6b7a28",,4533,false,,,2025-06-23T23:13:03.397Z,2025-06-23T23:13:03.397Z
"ff693bbe-8590-4027-bc98-d75b8e555608",,4534,true,,,2025-06-23T23:13:03.402Z,2025-06-23T23:13:03.402Z
"3372dc78-4a8e-42f2-b32b-840ca04403f5",,4535,false,,,2025-06-23T23:13:03.408Z,2025-06-23T23:13:03.408Z
"cd6d6c3c-7968-49da-b4d7-352f1afc8c76",,4536,true,,,2025-06-23T23:13:03.414Z,2025-09-12T22:09:42.884Z
"9a953bcd-3a02-49c7-baef-1b8c93f0ea05",,4537,true,,,2025-06-23T23:13:03.430Z,2025-06-23T23:13:03.430Z
"a91295ab-b0e3-4395-8571-9788e2a2e3bc",,4538,false,,,2025-06-23T23:13:03.445Z,2025-06-23T23:13:03.445Z
"706dc1bd-7e06-4cfb-a756-36a79670f570",,4539,false,,,2025-06-23T23:13:03.460Z,2025-06-23T23:13:03.460Z
"71249f4d-97f5-4407-a738-28bbe30a0f2b",,4540,false,,,2025-06-23T23:13:03.475Z,2025-06-23T23:13:03.475Z
"e61791cd-fea6-464e-b519-b60df76d32b1",,4541,false,,,2025-06-23T23:13:03.490Z,2025-06-23T23:13:03.490Z
"a94089fe-5e8b-4d38-9f40-38370c6ca533",,4542,false,,,2025-06-23T23:13:03.497Z,2025-06-23T23:13:03.497Z
"5554b3bb-375f-41e1-9481-2edb1f58eccc",,4543,false,,,2025-06-23T23:13:03.503Z,2025-06-23T23:13:03.503Z
"b103424b-3384-4fbe-b0a7-9ecf8212baed",,4544,false,,,2025-06-23T23:13:03.509Z,2025-06-23T23:13:03.509Z
"40e62875-9fb3-4e3d-83b7-b2157652f7e7",,4545,false,,,2025-06-23T23:13:03.521Z,2025-06-23T23:13:03.521Z
"38544c23-59cc-4bb3-a915-56828d933119",,4546,true,,,2025-06-23T23:13:03.530Z,2025-06-23T23:13:03.530Z
"9d9332aa-45de-4dfe-9f15-a9e5835a231f",,4547,false,,,2025-06-23T23:13:03.658Z,2025-06-23T23:13:03.658Z
"941c5808-cccf-444e-8567-a417405b4b06",,4548,false,,,2025-06-23T23:13:03.670Z,2025-06-23T23:13:03.670Z
"3f43f837-720a-44b2-85c7-5d2f5621e2d5",,4549,false,,,2025-06-23T23:13:03.684Z,2025-06-23T23:13:03.684Z
"67162bb9-44bb-49d8-944c-1f8abeebba2a",,4550,false,,,2025-06-23T23:13:03.698Z,2025-06-23T23:13:03.698Z
"70995bf5-57b2-4a86-98e6-18978e4e7a67",,4551,false,,,2025-06-23T23:13:03.716Z,2025-06-23T23:13:03.716Z
"510b9869-bd65-405c-8dce-e44aada02c96",,4552,false,,,2025-06-23T23:13:03.741Z,2025-06-23T23:13:03.741Z
"a20c9759-b14c-4563-8678-22557ec6869c",,4553,false,,,2025-06-23T23:13:03.759Z,2025-06-23T23:13:03.759Z
"a2fdf342-7221-4149-a8df-aa962311bd0b",,4554,false,,,2025-06-23T23:13:03.781Z,2025-06-23T23:13:03.781Z
"c6db1215-4cf8-40d2-a85d-1d57bd9ab62e",,4555,false,,,2025-06-23T23:13:03.797Z,2025-06-23T23:13:03.797Z
"f11be22e-c52a-41e6-a7d7-1bc48a16485a",,4556,false,,,2025-06-23T23:13:03.820Z,2025-06-23T23:13:03.820Z
"4c08346f-1fa3-4034-8562-f4de1cc32b25",,4557,false,,,2025-06-23T23:13:03.854Z,2025-06-23T23:13:03.854Z
"4a3dfae7-c587-4d3b-bcfe-907ed10e7dbb",,4558,false,,,2025-06-23T23:13:03.877Z,2025-06-23T23:13:03.877Z
"93188926-f838-40db-90a0-3da81e772f36",,4559,true,,,2025-06-23T23:13:03.883Z,2025-09-12T22:09:43.326Z
"19b29197-3f81-4997-91b4-e97dea6106bb",,4560,true,,,2025-06-23T23:13:03.889Z,2025-09-12T22:09:43.323Z
"e60b4730-fd41-4cdb-908c-0d964612a2db",,4561,true,,,2025-06-23T23:13:03.895Z,2025-09-12T22:09:43.320Z
"91d234c6-26be-4772-bbc6-f51ea8654bbf",,4562,true,,,2025-06-23T23:13:03.901Z,2025-09-12T22:09:43.317Z
"15d57a37-8c2d-4525-b688-2cb907be719e",,4563,true,,,2025-06-23T23:13:03.907Z,2025-09-12T22:09:43.313Z
"e36bd3ff-eaa7-4b73-be9c-04c5f16df115",,4564,false,,,2025-06-23T23:13:03.912Z,2025-06-23T23:13:03.912Z
"d6f9ce89-1131-4c1c-9ec4-db96ff9b698b",,4565,false,,,2025-06-23T23:13:03.918Z,2025-06-23T23:13:03.918Z
"d91b820b-73ad-47ae-81f9-547beb1626a2",,4566,false,,,2025-06-23T23:13:03.923Z,2025-06-23T23:13:03.923Z
"53228297-d482-44b2-89e7-4f11851f519d",,4567,false,,,2025-06-23T23:13:03.929Z,2025-06-23T23:13:03.929Z
"2fbbb931-6c94-455a-a8ae-7a23007b555d",,4568,false,,,2025-06-23T23:13:03.935Z,2025-06-23T23:13:03.935Z
"d165983f-1452-4eef-8be0-9d60f8907df4",,4569,false,,,2025-06-23T23:13:03.942Z,2025-06-23T23:13:03.942Z
"d2f26eb2-98b9-4c6a-b6ef-0a8d30913e3e",,4570,false,,,2025-06-23T23:13:03.947Z,2025-06-23T23:13:03.947Z
"87ff29a4-4be2-4dca-aeff-2a7abce48d11",,4571,true,,,2025-06-23T23:13:03.953Z,2025-08-19T13:57:35.804Z
"a9e82e64-871f-4034-830e-8574239dbbca",,4574,false,,,2025-06-23T23:13:03.978Z,2025-06-23T23:13:03.978Z
"0f937567-52ac-4c81-a910-5866c24e7d62",,4575,false,,,2025-06-23T23:13:03.991Z,2025-06-23T23:13:03.991Z
"526386b8-6a16-44f0-abc7-edb9639d0f18",,4576,false,,,2025-06-23T23:13:03.996Z,2025-06-23T23:13:03.996Z
"759ecc10-5df0-4c66-acf1-497f82aceda7",,4577,false,,,2025-06-23T23:13:04.002Z,2025-06-23T23:13:04.002Z
"d575d11c-a46f-4c42-bd68-25ad86387191",,4578,false,,,2025-06-23T23:13:04.007Z,2025-06-23T23:13:04.007Z
"01e86bcc-e3e4-423c-ba7c-6942205fe41b",,4579,false,,,2025-06-23T23:13:04.012Z,2025-06-23T23:13:04.012Z
"ad1bcb68-71d1-4942-90a8-a5c80ec8910a",,4580,false,,,2025-06-23T23:13:04.018Z,2025-06-23T23:13:04.018Z
"76c3490c-0c4f-4d0f-bfba-1bdb95f03fa7",,4581,false,,,2025-06-23T23:13:04.023Z,2025-06-23T23:13:04.023Z
"5cc9a445-9b36-4d25-b48f-9c158a31d614",,4582,false,,,2025-06-23T23:13:04.028Z,2025-06-23T23:13:04.028Z
"1a8077a0-90ef-471c-9f9d-05e190d51601",,4583,false,,,2025-06-23T23:13:04.033Z,2025-06-23T23:13:04.033Z
"46cfbc66-9572-4e06-be8a-c651376ad076",,4584,false,,,2025-06-23T23:13:04.039Z,2025-06-23T23:13:04.039Z
"3500b288-69dc-49cb-9205-aaf16cfba7b3",,4585,false,,,2025-06-23T23:13:04.045Z,2025-06-23T23:13:04.045Z
"29dd3bec-e890-4286-86db-e8f6e9b436d8",,4586,false,,,2025-06-23T23:13:04.050Z,2025-06-23T23:13:04.050Z
"b6a61483-0f79-4ae9-afba-af5501706f6c",,4587,false,,,2025-06-23T23:13:04.056Z,2025-06-23T23:13:04.056Z
"6d5fba01-987b-43ce-8eaf-530d64767702",,4588,false,,,2025-06-23T23:13:04.061Z,2025-06-23T23:13:04.061Z
"6e75b73a-4ad4-4388-8fc0-967f2baf80eb",,4589,true,,,2025-06-23T23:13:04.067Z,2025-06-23T23:13:04.067Z
"a1e8b65a-23e1-4e7c-8fd8-eb35cf7b0237",,4590,true,,,2025-06-23T23:13:04.073Z,2025-06-23T23:13:04.073Z
"4bc9f02a-b796-4a99-be04-641611642e44",,4591,true,,,2025-06-23T23:13:04.095Z,2025-06-23T23:13:04.095Z
"0868652c-4afd-40af-8ea7-1f73c0c7ad55",,4592,true,,,2025-06-23T23:13:04.101Z,2025-06-23T23:13:04.101Z
"cd021920-b0d8-4c3b-8795-471b8b27bbbe",,4593,true,,,2025-06-23T23:13:04.107Z,2025-06-23T23:13:04.107Z
"b71017bf-810f-4a74-ad90-99c7feefd8d9",,4594,true,,,2025-06-23T23:13:04.113Z,2025-06-23T23:13:04.113Z
"a39f1650-f63d-4640-ac44-d8f87aaf0b1c",,4595,true,,,2025-06-23T23:13:04.118Z,2025-06-23T23:13:04.118Z
"d1d24638-534f-42b1-98c5-e04039242092",,4596,true,,,2025-06-23T23:13:04.124Z,2025-06-23T23:13:04.124Z
"c0fe90c9-5df9-4a82-9506-c456069ccb5f",,4597,true,,,2025-06-23T23:13:04.130Z,2025-06-23T23:13:04.130Z
"5972a828-d09c-4160-92ae-0d5701b6423e",,4598,true,,,2025-06-23T23:13:04.136Z,2025-06-23T23:13:04.136Z
"506b1206-2016-4f08-be81-36d0173d6815",,4599,true,,,2025-06-23T23:13:04.142Z,2025-06-23T23:13:04.142Z
"60faee6b-fecb-4034-a96d-cd9d8158af7b",,4600,true,,,2025-06-23T23:13:04.148Z,2025-06-23T23:13:04.148Z
"34912b96-ad8d-421e-8b2f-83f0ed82aa65",,4601,true,,,2025-06-23T23:13:04.154Z,2025-06-23T23:13:04.154Z
"63a39db7-5d33-449f-ae19-1b7bb5dc2291",,4602,true,,,2025-06-23T23:13:04.160Z,2025-06-23T23:13:04.160Z
"97614a82-2e1a-46dc-a3b8-c25d3cff9a75",,4603,true,,,2025-06-23T23:13:04.165Z,2025-06-23T23:13:04.165Z
"d8c8a1cf-820a-42c5-9a2f-45b129b9dcc3",,4604,true,,,2025-06-23T23:13:04.171Z,2025-06-23T23:13:04.171Z
"3affe0b2-c4b0-42c0-957c-a8b6100b47de",,4605,true,,,2025-06-23T23:13:04.177Z,2025-06-23T23:13:04.177Z
"821499c4-4e2f-4ee9-a9bf-1988f943388f",,4606,true,,,2025-06-23T23:13:04.182Z,2025-06-23T23:13:04.182Z
"9c09ea30-8f98-4570-ac4d-52201c7eddb1",,4607,true,,,2025-06-23T23:13:04.188Z,2025-06-23T23:13:04.188Z
"e934666a-f58c-4256-ac6a-6e7797dc91d5",,4608,true,,,2025-06-23T23:13:04.194Z,2025-06-23T23:13:04.194Z
"013d18ec-7e25-4400-8cfd-5737ca96f049",,4609,true,,,2025-06-23T23:13:04.199Z,2025-06-23T23:13:04.199Z
"83069ccb-1cf6-4c36-a20b-8052e3a04d81",,4610,true,,,2025-06-23T23:13:04.205Z,2025-06-23T23:13:04.205Z
"4e761bec-a910-4c89-909f-95dd5c305705",,4611,true,,,2025-06-23T23:13:04.211Z,2025-06-23T23:13:04.211Z
"2edf1ad1-73dd-480c-a8bf-6f17a11b8a67",,4612,true,,,2025-06-23T23:13:04.216Z,2025-06-23T23:13:04.216Z
"fc5ade43-921b-47dc-bd39-e3833191ae41",,4613,true,,,2025-06-23T23:13:04.221Z,2025-06-23T23:13:04.221Z
"888c66b9-812b-4153-b3df-ac196c3ac37f",,4614,false,,,2025-06-23T23:13:04.227Z,2025-06-23T23:13:04.227Z
"2fb8e078-469c-4946-ae5d-d01dd5a7b41c",,4615,false,,,2025-06-23T23:13:04.233Z,2025-06-23T23:13:04.233Z
"9414ce36-54aa-4920-927e-011812eb70a7",,4616,false,,,2025-06-23T23:13:04.239Z,2025-06-23T23:13:04.239Z
"d6b2ad53-9d1e-441b-bfb7-5405b4d792da",,4617,true,,,2025-06-23T23:13:04.247Z,2025-06-23T23:13:04.247Z
"792fafc3-bf89-481b-adf2-63fa335b9b5b",,4618,true,,,2025-06-23T23:13:04.253Z,2025-06-23T23:13:04.253Z
"3e1dda75-3af8-4037-9aa4-c4920d09cecf",,4619,true,,,2025-06-23T23:13:04.258Z,2025-06-23T23:13:04.258Z
"5f208bd4-6bfc-4215-9e9f-347e02498d07",,4620,true,,,2025-06-23T23:13:04.264Z,2025-06-23T23:13:04.264Z
"c485b741-8fdd-4708-a068-6f791057c271",,4621,true,,,2025-06-23T23:13:04.269Z,2025-06-23T23:13:04.269Z
"ed5edc96-161b-4e1b-8877-b3c67eca15b6",,4622,true,,,2025-06-23T23:13:04.275Z,2025-06-23T23:13:04.275Z
"06e01c54-d0f4-475a-b903-476d98d86b0d",,4623,true,,,2025-06-23T23:13:04.280Z,2025-06-23T23:13:04.280Z
"c4f86de5-fc52-499f-9cf5-e09e2fbab132",,4624,true,,,2025-06-23T23:13:04.285Z,2025-06-23T23:13:04.285Z
"cf08462b-31b4-4266-9fcd-72f285e310f4",,4625,true,,,2025-06-23T23:13:04.291Z,2025-06-23T23:13:04.291Z
"038b42e5-2c6d-4ec0-b87f-171a5a8762b5",,4626,true,,,2025-06-23T23:13:04.296Z,2025-06-23T23:13:04.296Z
"ac6d872b-6aa4-4446-b0a2-8c490cbab17f",,4628,true,,,2025-06-23T23:13:04.307Z,2025-06-23T23:13:04.307Z
"378214bf-1b94-473b-b6f3-f7149de3cb94",,4629,true,,,2025-06-23T23:13:04.313Z,2025-06-23T23:13:04.313Z
"05d97a1b-4790-4636-965f-80060acbf865",,4630,true,,,2025-06-23T23:13:04.319Z,2025-06-23T23:13:04.319Z
"2e300504-46ba-4b1c-9466-3cc12ac8f9de",,4631,true,,,2025-06-23T23:13:04.324Z,2025-06-23T23:13:04.324Z
"728fb145-a9cd-4a50-ae3a-074ebd793c44",,4632,true,,,2025-06-23T23:13:04.330Z,2025-06-23T23:13:04.330Z
"48adcdee-46ef-4fdc-9fea-6005e90faf3c",,4633,true,,,2025-06-23T23:13:04.335Z,2025-06-23T23:13:04.335Z
"3938f1e0-b0d3-4ff7-b181-2b24ecee3c6b",,4634,true,,,2025-06-23T23:13:04.341Z,2025-06-23T23:13:04.341Z
"337df2bc-f8a2-42bf-afc6-9ccc3c3682ee",,4635,true,,,2025-06-23T23:13:04.347Z,2025-06-23T23:13:04.347Z
"6de8ac20-9a1e-474c-b0b0-303aa6a82e8c",,4638,true,,,2025-06-23T23:13:04.365Z,2025-08-12T13:14:23.518Z
"18bedaa7-3ae6-4e99-b430-91525152665d",,4639,false,,,2025-06-23T23:13:04.370Z,2025-06-23T23:13:04.370Z
"27838179-3925-451a-ad52-a65f3810cd66",,4640,false,,,2025-06-23T23:13:04.376Z,2025-06-23T23:13:04.376Z
"6dbfd7a1-5d9b-4290-b7bc-553c65232573",,4641,false,,,2025-06-23T23:13:04.381Z,2025-06-23T23:13:04.381Z
"180cecaf-790a-4c25-b101-d585a249d46a",,4642,false,,,2025-06-23T23:13:04.386Z,2025-06-23T23:13:04.386Z
"65e13459-db06-4b13-8413-39d1b2b3c911",,4643,false,,,2025-06-23T23:13:04.391Z,2025-06-23T23:13:04.391Z
"fa67f65d-0133-4cdd-9b9b-1bebd1553aad",,4644,false,,,2025-06-23T23:13:04.396Z,2025-06-23T23:13:04.396Z
"648239e2-807e-48ce-8c5f-dd9c18fec73c",,4645,false,,,2025-06-23T23:13:04.402Z,2025-06-23T23:13:04.402Z
"b46b85cc-1ba4-4f7a-b288-eb3d0a5d2c07",,4646,false,,,2025-06-23T23:13:04.408Z,2025-06-23T23:13:04.408Z
"c3a4287b-05a2-4089-b8cb-665c896f7d6c",,4648,false,,,2025-06-23T23:13:04.419Z,2025-06-23T23:13:04.419Z
"8e920596-e4fb-4bf2-9092-067061c7e8ec",,4649,false,,,2025-06-23T23:13:04.425Z,2025-06-23T23:13:04.425Z
"0e47f454-a452-4bdc-a00e-642c26910f1f",,4650,false,,,2025-06-23T23:13:04.430Z,2025-08-28T10:52:25.182Z
"e623ba05-5f0b-49da-8469-c90e18cab34d",,4651,true,,,2025-06-23T23:13:04.436Z,2025-06-23T23:13:04.436Z
"5fbadca9-b234-4299-93aa-9765403207b9",,4652,false,,,2025-06-23T23:13:04.441Z,2025-06-23T23:13:04.441Z
"e36104a3-e8f3-456e-be0c-3137abc1d63a",,4653,false,,,2025-06-23T23:13:04.446Z,2025-06-23T23:13:04.446Z
"4632d794-a713-4457-bd0d-d454f702bfc1",,4654,false,,,2025-06-23T23:13:04.454Z,2025-06-23T23:13:04.454Z
"9056d8ef-af9c-4b0a-8fbd-7729ab846f13",,4655,false,,,2025-06-23T23:13:04.460Z,2025-06-23T23:13:04.460Z
"fca74a1a-9923-4328-a935-8d184277acf0",,4656,false,,,2025-06-23T23:13:04.466Z,2025-06-23T23:13:04.466Z
"5b8b44ef-e922-448d-8e30-bcb95a6686a2",,4657,false,,,2025-06-23T23:13:04.471Z,2025-06-23T23:13:04.471Z
"47ca43f2-70c3-4c6a-b501-845e036f7d15",,4658,false,,,2025-06-23T23:13:04.476Z,2025-06-23T23:13:04.476Z
"013cf75b-71ed-4eca-8c11-6a32caf5a99e",,4659,true,,,2025-06-23T23:13:04.482Z,2025-06-23T23:13:04.482Z
"54641a82-5a79-4c17-95b0-2785777b18a9",,4660,true,,,2025-06-23T23:13:04.487Z,2025-06-23T23:13:04.487Z
"7ab5d8bf-f5d0-4314-af47-35f994386896",,4661,false,,,2025-06-23T23:13:04.492Z,2025-06-23T23:13:04.492Z
"56f1d748-83d5-4724-8d2a-f1df0a883700",,4662,false,,,2025-06-23T23:13:04.497Z,2025-06-23T23:13:04.497Z
"2d636940-ea23-4054-b4c8-558e80935a09",,4663,true,,,2025-06-23T23:13:04.503Z,2025-06-23T23:13:04.503Z
"e3c3a517-b0b2-4aef-8e60-fc78f57165b5",,4664,false,,,2025-06-23T23:13:04.509Z,2025-06-23T23:13:04.509Z
"325b8cf2-d855-437a-9e4a-5340c96961ee",,4665,false,,,2025-06-23T23:13:04.515Z,2025-06-23T23:13:04.515Z
"f2088bcb-b361-4d3f-a980-4ffdcb9a8f77",,4666,false,,,2025-06-23T23:13:04.520Z,2025-06-23T23:13:04.520Z
"474844c9-6e21-4d0c-88ad-387b574119eb",,4667,false,,,2025-06-23T23:13:04.526Z,2025-06-23T23:13:04.526Z
"20532e07-5ac2-4a29-a702-586b75f111b8",,4668,false,,,2025-06-23T23:13:04.531Z,2025-06-23T23:13:04.531Z
"e263188c-ee49-4560-bfa9-6ad229ba68d6",,4669,false,,,2025-06-23T23:13:04.537Z,2025-06-23T23:13:04.537Z
"1b81adfa-1ea0-440e-bae3-de3f77b11de4",,4670,false,,,2025-06-23T23:13:04.542Z,2025-06-23T23:13:04.542Z
"bea6d557-f45c-447d-8e40-ab4a2371cb5c",,4671,false,,,2025-06-23T23:13:04.548Z,2025-06-23T23:13:04.548Z
"e74b7525-fa89-4055-a6de-2a5dc38813c8",,4672,true,,,2025-06-23T23:13:04.555Z,2025-09-12T22:09:43.310Z
"db90b8e1-538c-4570-aa50-d67791852e7f",,4673,true,,,2025-06-23T23:13:04.561Z,2025-09-12T22:09:43.307Z
"3fa100af-650a-4db4-a8b2-997e7f0b182d",,4674,true,,,2025-06-23T23:13:04.567Z,2025-09-12T22:09:43.304Z
"384a257b-ab96-444d-9833-a7b7c747f9b9",,4675,true,,,2025-06-23T23:13:04.573Z,2025-06-23T23:13:04.573Z
"5f516758-1a0a-427d-b0ac-b7e116f1fe33",,4676,false,,,2025-06-23T23:13:04.579Z,2025-06-23T23:13:04.579Z
"0be7f22e-775d-457e-a989-a10dea5e03c7",,4677,false,,,2025-06-23T23:13:04.584Z,2025-06-23T23:13:04.584Z
"25013a72-f243-45e7-9d74-02c112dbdeb7",,4688,true,,,2025-06-23T23:13:04.648Z,2025-06-29T02:10:11.995Z
"8fa919ab-bb2f-4bf7-9c74-b43d5a623aab",,4689,false,,,2025-06-23T23:13:04.656Z,2025-06-23T23:13:04.656Z
"7ff8f31a-a9e3-4625-9ca5-3a4cf098aabb",,4690,false,,,2025-06-23T23:13:04.662Z,2025-06-23T23:13:04.662Z
"35a8a58d-9a4a-41a0-8bcc-206b29a2aa4a",,4691,false,,,2025-06-23T23:13:04.682Z,2025-06-23T23:13:04.682Z
"7f2e081c-4c3f-4a8f-b780-b8569c1a9580",,4692,false,,,2025-06-23T23:13:04.687Z,2025-06-23T23:13:04.687Z
"63c66dae-37ea-46b8-ada1-f4807f4757b0",,4693,false,,,2025-06-23T23:13:04.693Z,2025-06-23T23:13:04.693Z
"b8e6358d-bd28-43f1-8977-eeb477c3d505",,4694,true,,,2025-06-23T23:13:04.698Z,2025-06-23T23:13:04.698Z
"68446ecd-caeb-4314-8857-3e0aa19e8978",,4695,false,,,2025-06-23T23:13:04.704Z,2025-07-23T10:52:46.412Z
"77f6639e-b2cb-4d52-9056-3bf1f5ae31ad",,4696,false,,,2025-06-23T23:13:04.710Z,2025-06-23T23:13:04.710Z
"0c8958c0-5e30-4fb6-a7ad-24cf20817312",,4697,true,,,2025-06-23T23:13:04.718Z,2025-06-23T23:13:04.718Z
"c0c791fe-1bd6-4b1b-a2a7-de5396088aff",,4698,true,,,2025-06-23T23:13:04.724Z,2025-06-23T23:13:04.724Z
"38d6c37f-0bd4-4b4e-b2ad-87e5e2991e43",,4699,false,,,2025-06-23T23:13:04.730Z,2025-06-23T23:13:04.730Z
"5785818b-2a0a-4586-8f4a-8f7cb5511c5e",,4700,false,,,2025-06-23T23:13:04.736Z,2025-06-23T23:13:04.736Z
"214b0d45-8793-476a-8e60-3f65728a52fd",,4701,false,,,2025-06-23T23:13:04.742Z,2025-06-23T23:13:04.742Z
"85760648-1f71-4d6b-a034-1c65792c612d",,4702,false,,,2025-06-23T23:13:04.748Z,2025-06-23T23:13:04.748Z
"92de34d4-fd23-421c-b5f5-d9f7dd62b5f2",,4703,false,,,2025-06-23T23:13:04.754Z,2025-06-23T23:13:04.754Z
"5cf1759b-5e29-48e6-911d-e50c26075e6c",,4706,true,,,2025-06-23T23:13:04.771Z,2025-09-12T22:09:43.301Z
"798a40f8-fac3-4ab6-9863-34bbc0453279",,4707,true,,,2025-06-23T23:13:04.776Z,2025-09-12T22:09:43.298Z
"072c0894-1c8d-411b-99d5-5b5afdf39240",,4708,true,,,2025-06-23T23:13:04.782Z,2025-09-12T22:09:43.295Z
"29599efa-af41-418b-88c9-2b7731f65a3b",,4709,true,,,2025-06-23T23:13:04.792Z,2025-09-12T22:09:43.292Z
"dc361f03-5aee-4d38-b74f-78b8df34eae3",,4710,true,,,2025-06-23T23:13:04.805Z,2025-09-12T22:09:43.289Z
"846b2eb0-da57-4b70-b8b3-d9619e891170",,4711,true,,,2025-06-23T23:13:04.811Z,2025-09-12T22:09:43.286Z
"7420d2b2-cc64-42fd-b205-889c71dc7e02",,4712,true,,,2025-06-23T23:13:04.816Z,2025-09-12T22:09:43.283Z
"6dc4c8d6-b430-4e66-864d-9e0b36419bb8",,4713,true,,,2025-06-23T23:13:04.835Z,2025-09-12T22:09:43.280Z
"0eead9e2-ef37-4175-810f-097525d45341",,4714,false,,,2025-06-23T23:13:04.841Z,2025-06-23T23:13:04.841Z
"967fd2e0-f4e9-430f-8623-7d0b5e825d8a",,4715,false,,,2025-06-23T23:13:04.847Z,2025-06-23T23:13:04.847Z
"985b7934-793c-40c8-8dcb-14f61267e203",,4716,false,,,2025-06-23T23:13:04.865Z,2025-06-23T23:13:04.865Z
"b4cbf934-bff5-4460-a5ac-5a1bcd8f8cf1",,4717,false,,,2025-06-23T23:13:04.871Z,2025-06-23T23:13:04.871Z
"ba5dc0e0-70a3-476f-90b9-f45045f23998",,4718,true,,,2025-06-23T23:13:04.877Z,2025-06-23T23:13:04.877Z
"172636ec-2e01-48d4-be44-77e9d396c496",,4719,false,,,2025-06-23T23:13:04.882Z,2025-06-23T23:13:04.882Z
"2635ca63-54ea-4b24-9936-fecaf26fa9bf",,4720,false,,,2025-06-23T23:13:04.910Z,2025-09-12T23:10:18.954Z
"e564cd98-59f0-4004-a120-c0abd6c13de8",,4721,false,,,2025-06-23T23:13:04.917Z,2025-09-12T23:10:17.158Z
"081f2323-e299-4dba-9b83-d6e140e3ff4d",,4722,true,,,2025-06-23T23:13:04.923Z,2025-09-12T22:09:43.277Z
"992d9757-77a2-4899-94a8-ca1289cf6f5d",,4723,true,,,2025-06-23T23:13:04.928Z,2025-08-28T10:52:40.392Z
"452ee826-ea75-400b-a8d6-0d31ff5c5012",,4724,true,,,2025-06-23T23:13:04.934Z,2025-09-12T22:09:43.274Z
"49b4cf3d-b46a-4a79-a2f5-74562de1b1ef",,4725,true,,,2025-06-23T23:13:04.940Z,2025-09-12T22:09:43.271Z
"9502e308-8f30-4600-a889-681f33ccfa4a",,4726,true,,,2025-06-23T23:13:04.946Z,2025-09-12T22:09:43.268Z
"eb682ac4-3a35-4d65-9a69-4cb74db53c42",,4727,true,,,2025-06-23T23:13:04.952Z,2025-09-12T22:09:43.265Z
"dca79be2-a973-4694-9985-be582f35b9e2",,4728,true,,,2025-06-23T23:13:04.958Z,2025-09-12T22:09:43.262Z
"32c3e8c3-2137-4769-a8d3-ff420921187a",,4729,true,,,2025-06-23T23:13:04.964Z,2025-09-12T22:09:43.259Z
"f5fb64bd-4b63-4c65-b7a0-207cf12b8bf8",,4730,true,,,2025-06-23T23:13:04.969Z,2025-09-12T22:09:43.256Z
"149e55ed-e6e1-42f6-a84b-cdf43d771d8d",,4731,true,,,2025-06-23T23:13:04.975Z,2025-09-12T22:09:43.253Z
"75163032-c743-44dd-930b-f148506e6e50",,4732,true,,,2025-06-23T23:13:04.980Z,2025-09-12T22:09:43.250Z
"1daf488b-edf2-4714-9a9d-8c489f132038",,4733,true,,,2025-06-23T23:13:04.986Z,2025-09-12T22:09:43.247Z
"71fd55c2-d481-4187-b937-254e61f12ca2",,4734,true,,,2025-06-23T23:13:04.991Z,2025-09-12T22:09:43.243Z
"5577f09d-c55d-45b7-ae9c-45aaf61cec51",,4735,true,,,2025-06-23T23:13:04.997Z,2025-09-12T22:09:43.241Z
"e8cf78fc-7c6e-4f90-83f0-078b2e1e8e1a",,4736,false,,,2025-06-23T23:13:05.002Z,2025-06-23T23:13:05.002Z
"3976d7e4-80f9-4bb6-b63a-96b4cc1dcbf9",,4737,true,,,2025-06-23T23:13:05.008Z,2025-09-12T22:09:43.238Z
"3fa95f91-dae7-49a0-9fd2-2eeeda5397a4",,4738,true,,,2025-06-23T23:13:05.013Z,2025-09-12T22:09:43.235Z
"d87d9ed4-fcec-493b-9bce-fca65e53cac3",,4739,true,,,2025-06-23T23:13:05.019Z,2025-09-12T22:09:43.232Z
"d2563e6a-4932-4513-b42f-5eb7e271be3b",,4740,true,,,2025-06-23T23:13:05.025Z,2025-09-12T22:09:43.229Z
"54f5404c-c30d-4d3d-b17d-a9e0ccce1559",,4741,true,,,2025-06-23T23:13:05.030Z,2025-09-12T22:09:43.226Z
"e7954aae-3077-4a8f-89f2-621774e4e98a",,4742,true,,,2025-06-23T23:13:05.036Z,2025-09-12T22:09:43.223Z
"46d3a29a-b736-428e-bc74-7582bb3a18b7",,4743,true,,,2025-06-23T23:13:05.041Z,2025-09-12T22:09:43.220Z
"6c0e1a23-15c6-4419-9073-111fb1e8fc19",,4744,true,,,2025-06-23T23:13:05.047Z,2025-09-12T22:09:43.218Z
"2c9761fc-02ee-481c-b639-969cbe47a145",,4745,true,,,2025-06-23T23:13:05.052Z,2025-09-12T22:09:43.215Z
"933f1347-93e2-4d0c-b2cf-52fa7c2c2d34",,4746,true,,,2025-06-23T23:13:05.058Z,2025-09-12T22:09:43.212Z
"394c36c4-e575-4c1f-bd61-1b6ce1a402f4",,4747,true,,,2025-06-23T23:13:05.067Z,2025-09-12T22:09:43.209Z
"cf9abb6f-ad7f-4803-88be-e31046dfdaed",,4748,true,,,2025-06-23T23:13:05.073Z,2025-09-12T22:09:43.206Z
"859f3404-3e48-48f0-9648-80d9be0832ba",,4749,true,,,2025-06-23T23:13:05.079Z,2025-09-12T22:09:43.204Z
"f031b4e5-0a17-4a7c-9bec-8e99a70f3217",,4750,false,,,2025-06-23T23:13:05.084Z,2025-06-23T23:13:05.084Z
"072f7bac-67d3-4480-baab-3ac12486621a",,4751,false,,,2025-06-23T23:13:05.090Z,2025-06-23T23:13:05.090Z
"5ed1f457-fa95-447b-a515-ad147e1df846",,4752,true,,,2025-06-23T23:13:05.095Z,2025-09-12T22:09:43.201Z
"d273889e-a1da-4bc5-975a-ce3584f6bdb5",,4753,true,,,2025-06-23T23:13:05.101Z,2025-09-12T22:09:43.197Z
"ebd66631-b97e-4656-940f-61e9545ea583",,4754,true,,,2025-06-23T23:13:05.107Z,2025-09-12T22:09:43.195Z
"6c33fe04-4f4a-42c3-938c-fad76495343f",,4755,false,,,2025-06-23T23:13:05.116Z,2025-06-23T23:13:05.116Z
"544ccf0f-cc15-41ce-bbca-1b608bdf7bc0",,4756,false,,,2025-06-23T23:13:05.122Z,2025-06-23T23:13:05.122Z
"84d21ae5-e80a-476d-a883-8fd4ec7c8b3b",,4757,true,,,2025-06-23T23:13:05.127Z,2025-06-23T23:13:05.127Z
"a77f2a8c-f7e5-47aa-9084-519b678ac65b",,4758,false,,,2025-06-23T23:13:05.133Z,2025-06-23T23:13:05.133Z
"13cc2f5b-d382-4fb1-b4ac-d7d54960a469",,4759,false,,,2025-06-23T23:13:05.139Z,2025-06-23T23:13:05.139Z
"4e7158ce-3867-4ec5-ad48-85b0e3ef8b0e",,4760,false,,,2025-06-23T23:13:05.144Z,2025-06-23T23:13:05.144Z
"c17b576d-cad4-4ac5-bf2b-bd4288ab21e3",,4761,false,,,2025-06-23T23:13:05.150Z,2025-06-23T23:13:05.150Z
"c2242dff-18c7-4169-94dc-1989da75f4da",,4762,true,,,2025-06-23T23:13:05.159Z,2025-06-23T23:13:05.159Z
"22887061-4063-49b2-974a-df32ddcb4dc5",,4763,false,,,2025-06-23T23:13:05.166Z,2025-06-23T23:13:05.166Z
"b95128bc-ed21-4d0f-bf02-f8326640657b",,4764,false,,,2025-06-23T23:13:05.172Z,2025-06-23T23:13:05.172Z
"af401be7-8395-4c6f-86ff-4fc1cc4bc144",,4765,false,,,2025-06-23T23:13:05.178Z,2025-06-23T23:13:05.178Z
"3357dff4-9dc1-4c7a-ae9f-05b0e9251975",,4766,false,,,2025-06-23T23:13:05.183Z,2025-06-23T23:13:05.183Z
"b44c6c44-6c78-4711-ae8b-1c0ee0ba913f",,4767,false,,,2025-06-23T23:13:05.190Z,2025-06-23T23:13:05.190Z
"17f90147-34b9-4c1d-8b88-e3ba80c5dfbd",,4768,true,,,2025-06-23T23:13:05.195Z,2025-09-12T22:09:43.192Z
"8435238c-44f1-46a7-a305-d63081578d89",,4769,true,,,2025-06-23T23:13:05.201Z,2025-09-12T22:09:43.189Z
"ccc308a1-2061-40a6-b375-1a0602479e12",,4770,true,,,2025-06-23T23:13:05.206Z,2025-09-12T22:09:43.185Z
"1e0e551f-3f07-4522-b5b6-d827000a7465",,4771,false,,,2025-06-23T23:13:05.212Z,2025-06-23T23:13:05.212Z
"add83e5a-07df-4853-8fe1-32a8d79bf5cd",,4781,false,,,2025-06-23T23:13:05.274Z,2025-06-23T23:13:05.274Z
"f13e3c6e-f412-434d-bce0-6401d69ac4f8",,4782,false,,,2025-06-23T23:13:05.280Z,2025-06-23T23:13:05.280Z
"0de038f6-975a-4522-a1da-18136bcc6dea",,4794,false,,,2025-06-23T23:13:05.348Z,2025-06-23T23:13:05.348Z
"e36d9810-0b6e-4283-8eeb-01426bd601a7",,4795,false,,,2025-06-23T23:13:05.353Z,2025-06-23T23:13:05.353Z
"167caf42-82ae-43d5-a359-3b4ef5cf86f4",,4796,false,,,2025-06-23T23:13:05.359Z,2025-06-23T23:13:05.359Z
"b51ec2af-54af-4308-9bb3-1f1bc28b69ac",,4797,false,,,2025-06-23T23:13:05.364Z,2025-06-23T23:13:05.364Z
"05f237e0-7c39-4d9d-ac89-f5f15423ad4b",,4798,false,,,2025-06-23T23:13:05.370Z,2025-06-23T23:13:05.370Z
"b90cbf67-b3a6-4005-ad30-03aac3afa877",,4799,false,,,2025-06-23T23:13:05.375Z,2025-06-23T23:13:05.375Z
"52c239e1-653d-4396-ae67-98ad94fc3bd7",,4807,false,,,2025-06-23T23:13:05.422Z,2025-06-23T23:13:05.422Z
"970cd869-ecf3-40a7-925b-d459290d7e16",,4808,false,,,2025-06-23T23:13:05.428Z,2025-06-23T23:13:05.428Z
"075f6e70-8a8d-4784-b02c-9cf48e331d4f",,4809,false,,,2025-06-23T23:13:05.433Z,2025-06-23T23:13:05.433Z
"7e5b9721-37a5-46b5-855d-594d51cc4784",,4810,false,,,2025-06-23T23:13:05.440Z,2025-06-23T23:13:05.440Z
"c2a2be1e-40ed-4751-86d2-6d2c66187d7d",,4811,false,,,2025-06-23T23:13:05.445Z,2025-06-23T23:13:05.445Z
"2c273d79-1a12-4992-95bf-636f1f93ec68",,4812,false,,,2025-06-23T23:13:05.451Z,2025-06-23T23:13:05.451Z
"0ca33adf-9a6d-4dba-8c61-6a8ba5378b4d",,4813,false,,,2025-06-23T23:13:05.457Z,2025-06-23T23:13:05.457Z
"673e57b0-d6c2-4936-bedd-9ae67c4852e2",,4814,false,,,2025-06-23T23:13:05.463Z,2025-06-23T23:13:05.463Z
"88a6feac-d899-4dd8-8e31-d20beb33c50a",,4815,false,,,2025-06-23T23:13:05.468Z,2025-06-23T23:13:05.468Z
"be77bfa3-e12a-4e66-8735-a9d94fda5806",,4816,false,,,2025-06-23T23:13:05.478Z,2025-06-23T23:13:05.478Z
"393edeeb-1b8e-4cff-b394-12472d53cb21",,4817,false,,,2025-06-23T23:13:05.483Z,2025-06-23T23:13:05.483Z
"f2dda67b-f09e-4392-a8ce-d931bbd5aba4",,4818,false,,,2025-06-23T23:13:05.489Z,2025-06-23T23:13:05.489Z
"32e1cd6d-7d7d-4961-b9f3-47457c1210da",,4819,false,,,2025-06-23T23:13:05.495Z,2025-06-23T23:13:05.495Z
"d361a93d-dac3-41a7-9cfa-4e2d94801e22",,4820,false,,,2025-06-23T23:13:05.501Z,2025-06-23T23:13:05.501Z
"d2794795-b345-4539-b4c5-1ce14d3e47c5",,4821,false,,,2025-06-23T23:13:05.507Z,2025-06-23T23:13:05.507Z
"d9110fee-c1d0-4277-9844-b485a67d3db6",,4822,false,,,2025-06-23T23:13:05.512Z,2025-06-23T23:13:05.512Z
"ef80c304-18f2-4b41-a8e2-7c1f225f72eb",,4823,false,,,2025-06-23T23:13:05.518Z,2025-06-23T23:13:05.518Z
"5228f2da-5c4f-4d5c-b1c3-2be44e8cfbf4",,4824,false,,,2025-06-23T23:13:05.523Z,2025-06-23T23:13:05.523Z
"274a7a98-cdda-473d-b882-f3d59d019fa6",,4825,false,,,2025-06-23T23:13:05.529Z,2025-06-23T23:13:05.529Z
"53feecb3-18cb-46f2-adfe-c8fc950e93ae",,4826,false,,,2025-06-23T23:13:05.535Z,2025-06-23T23:13:05.535Z
"3b405098-a366-473c-b84f-49378b6acf31",,4829,false,,,2025-06-23T23:13:05.552Z,2025-06-23T23:13:05.552Z
"58269fdb-2f63-40dc-b301-2d6589553184",,4830,false,,,2025-06-23T23:13:05.557Z,2025-06-23T23:13:05.557Z
"6d11ddc9-3b44-4181-8c4f-a1f3503023a2",,4831,false,,,2025-06-23T23:13:05.563Z,2025-06-23T23:13:05.563Z
"7a630b21-c7be-4191-b644-48ed36af52a9",,4832,false,,,2025-06-23T23:13:05.568Z,2025-06-23T23:13:05.568Z
"0ce3d3fa-d934-4a36-9e5c-453ca2af769f",,4833,false,,,2025-06-23T23:13:05.575Z,2025-06-23T23:13:05.575Z
"6bfc4f06-b950-4996-8f58-de2e2444e880",,4834,false,,,2025-06-23T23:13:05.580Z,2025-06-23T23:13:05.580Z
"0d3f3e1d-bc5c-446c-b9e2-df4464a61013",,4835,false,,,2025-06-23T23:13:05.586Z,2025-06-23T23:13:05.586Z
"ffddb97f-3986-4cb0-b4ce-0059721419d2",,4836,false,,,2025-06-23T23:13:05.591Z,2025-06-23T23:13:05.591Z
"b074724d-0c5b-4549-b758-d46c403a2974",,4838,false,,,2025-06-23T23:13:05.603Z,2025-06-23T23:13:05.603Z
"82167202-3bb4-4138-9ee8-3b92256a3d56",,4839,false,,,2025-06-23T23:13:05.609Z,2025-06-23T23:13:05.609Z
"e0197d88-8e2d-4923-8d1e-a659d0a6a2ab",,4840,false,,,2025-06-23T23:13:05.616Z,2025-06-23T23:13:05.616Z
"77c578c0-51f6-43bc-b57c-7ad3324dcf90",,4842,false,,,2025-06-23T23:13:05.627Z,2025-06-23T23:13:05.627Z
"da0b70cf-ce95-4f4c-8e1d-3c90644628da",,4843,false,,,2025-06-23T23:13:05.632Z,2025-06-23T23:13:05.632Z
"6ee9c6e2-363b-47e1-8274-c5daf1dc3e46",,4844,true,,,2025-06-23T23:13:05.638Z,2025-06-23T23:13:05.638Z
"bc7961b0-c24e-4f82-90aa-e4af8f88e1ce",,4845,false,,,2025-06-23T23:13:05.644Z,2025-06-23T23:13:05.644Z
"e34e92bf-e35e-4a1e-b2b3-a47581c71753",,4847,false,,,2025-06-23T23:13:05.664Z,2025-06-23T23:13:05.664Z
"6a146dbd-f7ea-404b-ba87-2af8c94b74d4",,4848,false,,,2025-06-23T23:13:05.670Z,2025-06-23T23:13:05.670Z
"25201f90-40c5-43e5-8f73-1016cdcdad8e",,4850,false,,,2025-06-23T23:13:05.681Z,2025-06-23T23:13:05.681Z
"ff4f5110-aefb-4fd3-bde7-0e735f82297f",,4851,false,,,2025-06-23T23:13:05.686Z,2025-06-23T23:13:05.686Z
"2a35880e-c9b9-4c0d-9b21-641e974d67cd",,4853,false,,,2025-06-23T23:13:05.697Z,2025-06-23T23:13:05.697Z
"270ac0cb-5d37-4cb3-a4bf-002c91e5e25a",,4855,false,,,2025-06-23T23:13:05.710Z,2025-06-23T23:13:05.710Z
"16838f9a-a5c9-44ee-a0b8-959a338eb354",,4856,false,,,2025-06-23T23:13:05.719Z,2025-06-23T23:13:05.719Z
"71fcd48c-3390-4619-b84d-7bcfb4fa4b69",,4858,true,,,2025-06-23T23:13:05.736Z,2025-09-12T22:09:43.353Z
"0eb813f6-382e-4d58-a6b5-1ad91123fc7c",,4859,true,,,2025-06-23T23:13:05.746Z,2025-09-12T22:09:43.347Z
"a01af67a-5cab-4271-a076-fa28c50fa7a0",,4860,true,,,2025-06-23T23:13:05.752Z,2025-09-12T22:09:43.033Z
"1fb3b56f-e7fc-44b7-b656-bce82b8b2ab6",,4861,true,,,2025-06-23T23:13:05.757Z,2025-06-23T23:13:05.757Z
"e0fec0f2-c990-47dd-8a70-6abbe6a8a37c",,4862,false,,,2025-06-23T23:13:05.763Z,2025-06-23T23:13:05.763Z
"cb7e6a85-b9ee-4bc6-9769-0800af7477e4",,238,true,,,2025-07-24T00:13:12.668Z,2025-07-24T00:13:12.667Z
"44b6b4e1-61b5-4428-8348-58a3989d56dc",,237,true,,,2025-07-24T00:13:16.997Z,2025-07-24T00:13:16.996Z
"fbaeca57-64c1-461e-a058-ba8f6cea1f7c",,236,true,,,2025-07-24T00:13:18.057Z,2025-07-24T00:13:18.056Z
"98a05e7f-1796-4624-9f1e-2d57117312c3",,221,true,,,2025-07-24T00:15:30.939Z,2025-07-24T00:15:30.939Z
"17ffac23-1a28-485f-b768-412721d420db",,220,true,,,2025-07-24T00:15:31.795Z,2025-07-24T00:15:31.794Z
"62181315-46dd-42e5-8c54-81b9316f2f0d",,219,true,,,2025-07-24T00:15:33.007Z,2025-07-24T00:15:33.006Z
"8c114423-6d1c-4e90-a8dd-333890dc17e7",,218,true,,,2025-07-24T00:15:33.873Z,2025-07-24T00:15:33.872Z
"6c81ce37-30c2-4519-a747-cde6fec8fe8e",,217,true,,,2025-07-24T00:15:34.508Z,2025-07-24T00:15:34.508Z
"fcf436cc-7119-4a6e-89b7-422053f4752a",,216,true,,,2025-07-24T00:15:35.725Z,2025-07-24T00:15:35.724Z
"a66a25c4-ee94-4ced-ac20-2fc4dc2b6a18",,215,true,,,2025-07-24T00:15:36.601Z,2025-07-24T00:15:36.600Z
"bbecb6b4-d5b4-4156-9cf2-4c5a42a52526",,214,true,,,2025-07-24T00:15:37.278Z,2025-07-24T00:15:37.277Z
"1970eddd-427b-426b-9850-f67a52e12499",,213,true,,,2025-07-24T00:15:38.294Z,2025-07-24T00:15:38.293Z
"28983fc2-e3cd-4677-a1a9-03340f32d033",,212,true,,,2025-07-24T00:15:39.317Z,2025-07-24T00:15:39.317Z
"57feab10-dac9-4157-a180-975458eb225f",,211,true,,,2025-07-24T00:15:40.255Z,2025-07-24T00:15:40.254Z
"ba290988-11dc-41ca-aa78-658c06f75be7",,210,true,,,2025-07-24T00:15:41.194Z,2025-07-24T00:15:41.193Z
"d5921340-e36b-4d42-b092-75b23be5ef24",,209,true,,,2025-07-24T00:15:42.306Z,2025-07-24T00:15:42.305Z
"606aac6e-a8a4-4c57-8288-5e0f8ef27def",,208,true,,,2025-07-24T00:15:43.368Z,2025-07-24T00:15:43.367Z
"e14d3e04-05b7-4cfe-900b-8bac087dc4cd",,207,true,,,2025-07-24T00:15:44.083Z,2025-07-24T00:15:44.082Z
"246073c6-46ec-48cf-9998-b107dfba893c",,206,true,,,2025-07-24T00:15:48.237Z,2025-07-24T00:15:48.236Z
"9f09490b-71f8-4e3d-9454-28d50862e2e7",,205,true,,,2025-07-24T00:15:49.408Z,2025-07-24T00:15:49.407Z
"a153907f-a092-4afb-8f6a-69d182a563bd",,204,true,,,2025-07-24T00:15:50.626Z,2025-07-24T00:15:50.625Z
"8bd3f784-6f51-41e3-b1c4-302f161b4332",,203,true,,,2025-07-24T00:15:51.294Z,2025-07-24T00:15:51.293Z
"5d83f966-79c2-4150-a0fb-2e3cd6a7b59c",,202,true,,,2025-07-24T00:15:52.503Z,2025-07-24T00:15:52.502Z
"3dcf7bbe-bbc5-4e49-a598-31171de116ab",,200,true,,,2025-07-24T00:15:54.677Z,2025-07-24T00:15:54.676Z
"c3e87620-9a7c-4f9b-8ba0-c446872d2b93",,199,true,,,2025-07-24T00:15:55.309Z,2025-07-24T00:15:55.308Z
"3f3ce97a-d980-4c46-9911-2196c82e69d6",,198,true,,,2025-07-24T00:15:56.582Z,2025-07-24T00:15:56.581Z
"2049501f-0443-4038-9873-fcf3584a7c19",,197,true,,,2025-07-24T00:15:57.284Z,2025-07-24T00:15:57.283Z
"fde50308-0e90-45fb-b325-d459e960bc0f",,196,true,,,2025-07-24T00:15:58.261Z,2025-07-24T00:15:58.260Z
"c749ea4f-e458-4692-a5c5-22c2193ff05d",,195,true,,,2025-07-24T00:15:58.968Z,2025-07-24T00:15:58.967Z
"915729d2-4d1f-4ed5-a4e7-ba55844c14b7",,187,true,,,2025-07-24T00:16:08.320Z,2025-07-24T00:16:08.319Z
"71274ff8-0d6d-4816-a9a7-42ca00d6d53d",,153,true,,,2025-07-24T00:40:22.082Z,2025-07-24T00:40:22.081Z
"543af5cf-52bb-4b86-b981-2b9e885aefe2",,152,true,,,2025-07-24T00:40:23.393Z,2025-07-24T00:40:23.392Z
"8375851f-9807-46cd-a379-216e26cb9043",,151,true,,,2025-07-24T00:40:24.411Z,2025-07-24T00:40:24.410Z
"068ca489-14f7-499b-90f2-b4b54481885c",,32,true,,,2025-07-29T23:40:08.223Z,2025-07-29T23:40:08.222Z
"53de925d-f329-427a-9fca-8edadc96910f",,30,true,,,2025-07-29T23:40:25.110Z,2025-07-29T23:40:25.109Z
"6a995af3-658d-47d4-8e34-6f1270fa40be",,29,true,,,2025-07-29T23:40:26.684Z,2025-07-29T23:40:26.683Z
"3ab173a6-28bb-45d3-853f-270a74bbd9c4",,28,true,,,2025-07-29T23:40:28.668Z,2025-07-29T23:40:28.667Z
"d5c70f88-2786-4883-beef-446cd88d4f36",,27,true,,,2025-07-29T23:40:31.399Z,2025-07-29T23:40:31.398Z
"b07be7e8-ca57-483e-93e5-1c22a8c63366",,1,false,,,2025-09-12T18:19:54.120Z,2025-09-12T18:19:56.272Z
"7487ca5e-d55f-495c-b305-99607a562c40",,44,true,,,2025-09-12T21:28:53.476Z,2025-09-12T21:28:53.476Z
"2b7564f7-4db6-401c-9024-84cb557e0900",,5,true,,,2025-09-12T22:10:11.880Z,2025-09-12T22:10:11.880Z
"b5c6d9e1-d9a0-4b1e-84fc-0106aaa2fe77",,6,true,,,2025-09-12T22:10:11.885Z,2025-09-12T22:10:11.885Z
"dfae0afb-d1d8-462c-9064-b8a46a0af051",,7,true,,,2025-09-12T22:10:11.888Z,2025-09-12T22:10:11.888Z
"808aa83f-408b-4db3-ab1c-98c58c3174dc",,8,true,,,2025-09-12T22:10:11.892Z,2025-09-12T22:10:11.892Z
"7dfa046e-89f4-4335-af3a-af4ce13f423d",,9,true,,,2025-09-12T22:10:11.896Z,2025-09-12T22:10:11.896Z
"2f22ad7d-8a78-4faa-934c-465d60de36da",,11,true,,,2025-09-12T22:10:11.899Z,2025-09-12T22:10:11.899Z
"c8ec783e-2af4-4997-b45f-0cc49d910e3d",,12,true,,,2025-09-12T22:10:11.902Z,2025-09-12T22:10:11.902Z
"9b8e26c7-303d-49fa-a4fb-d10925ecdf60",,13,true,,,2025-09-12T22:10:11.905Z,2025-09-12T22:10:11.905Z
"562222ec-44ee-4ebf-8f4a-9eed4a1d5ae9",,14,true,,,2025-09-12T22:10:11.908Z,2025-09-12T22:10:11.908Z
"5f5a506f-e6df-45bf-8125-40cf5c93e6db",,15,true,,,2025-09-12T22:10:11.911Z,2025-09-12T22:10:11.911Z
"ede2a145-5f28-43a0-b5a3-04bd90ad2289",,16,true,,,2025-09-12T22:10:11.914Z,2025-09-12T22:10:11.914Z
"9c692db5-897b-42f5-9dc6-b864712787e2",,17,true,,,2025-09-12T22:10:11.917Z,2025-09-12T22:10:11.917Z
"f9df0d7c-943a-4748-ae85-2e03a3c0d6c5",,18,true,,,2025-09-12T22:10:11.921Z,2025-09-12T22:10:11.921Z
"23d55176-7549-41d2-b4d3-34c322cc562e",,25,true,,,2025-09-12T22:10:11.924Z,2025-09-12T22:10:11.924Z
"6d121d22-3939-4c66-b478-53329a2ff84f",,26,true,,,2025-09-12T22:10:11.927Z,2025-09-12T22:10:11.927Z
"5c981da5-2e3c-4175-99f0-3cfd82ecb69b",,3,true,,,2025-09-12T22:10:11.930Z,2025-09-12T22:10:11.930Z
"5aff3253-8ae5-4df5-b27b-e66d09f3039d",,41,true,,,2025-09-12T22:10:11.933Z,2025-09-12T22:10:11.933Z
"068fa5d2-f85d-4326-9bbf-e85e3795155a",,43,true,,,2025-09-12T22:10:11.937Z,2025-09-12T22:10:11.937Z
"2d6fb460-a72b-47b9-9abf-955a7b31caaa",,50,true,,,2025-09-12T22:10:11.940Z,2025-09-12T22:10:11.940Z
"c95a2a61-2048-4c4b-b773-70aea1d363bb",,51,true,,,2025-09-12T22:10:11.943Z,2025-09-12T22:10:11.943Z
"09f9cef3-b226-4816-8fdc-6c5f2122d0a8",,231,true,,,2025-09-12T22:10:11.946Z,2025-09-12T22:10:11.946Z
"21ec88a5-f74a-4ed1-93ed-c93f6745ec6d",,282,true,,,2025-09-12T22:10:11.950Z,2025-09-12T22:10:11.950Z
"d88915d4-37f1-4ae7-a075-0f1b79aa8b22",,301,true,,,2025-09-12T22:10:11.953Z,2025-09-12T22:10:11.953Z
"049ce566-c847-476d-be82-c8ca03297d46",,309,true,,,2025-09-12T22:10:11.956Z,2025-09-12T22:10:11.956Z
"7fe2ce25-5498-4850-8096-e197cd377e16",,310,true,,,2025-09-12T22:10:11.959Z,2025-09-12T22:10:11.959Z
"ef93ed94-3167-4f69-907f-eeedb8a11894",,313,true,,,2025-09-12T22:10:11.962Z,2025-09-12T22:10:11.962Z
"82be4909-fe84-4fd8-96f0-7050103b780b",,325,true,,,2025-09-12T22:10:11.965Z,2025-09-12T22:10:11.965Z
"de39b794-4390-46c3-8ea4-716fae66090b",,344,true,,,2025-09-12T22:10:11.968Z,2025-09-12T22:10:11.968Z
"8d4b28a4-6c99-462d-93f5-f5dd7944fcb0",,347,true,,,2025-09-12T22:10:11.972Z,2025-09-12T22:10:11.972Z
"05895c16-c6ae-4658-a728-f36c218827de",,334,true,,,2025-09-12T22:10:11.975Z,2025-09-12T22:10:11.975Z
"758dbc41-a9fe-4147-a232-da46386c4edf",,329,true,,,2025-09-12T22:10:11.978Z,2025-09-12T22:10:11.978Z
"59dd7829-3f84-44ff-bef5-c37276dfa4e4",,348,true,,,2025-09-12T22:10:11.981Z,2025-09-12T22:10:11.981Z
"4a24911a-c1d9-4c1b-a5f3-457d792d2f85",,355,true,,,2025-09-12T22:10:11.984Z,2025-09-12T22:10:11.984Z
"f6e00a8e-b368-4f72-a25f-192b4729237b",,368,true,,,2025-09-12T22:10:11.988Z,2025-09-12T22:10:11.988Z
"3d86457f-290e-4721-8c16-8b3dd435266f",,408,true,,,2025-09-12T22:10:11.991Z,2025-09-12T22:10:11.991Z
"4e6877fc-0412-43a0-87f8-c7b4164ae541",,413,true,,,2025-09-12T22:10:11.994Z,2025-09-12T22:10:11.994Z
"8b8bee7f-6057-4670-b8bc-d01050e364e0",,422,true,,,2025-09-12T22:10:11.998Z,2025-09-12T22:10:11.998Z
"8e3deaf1-b84e-4e7e-96a1-9e836bbbf58e",,424,true,,,2025-09-12T22:10:12.001Z,2025-09-12T22:10:12.001Z
"77806c7f-7f0e-464d-9ae7-6f40155fe6bc",,426,true,,,2025-09-12T22:10:12.004Z,2025-09-12T22:10:12.004Z
"77289b61-ada7-47d4-9121-3b28e588e0e9",,437,true,,,2025-09-12T22:10:12.008Z,2025-09-12T22:10:12.008Z
"218594a8-c941-422e-8c57-b80bb53cd6ed",,438,true,,,2025-09-12T22:10:12.011Z,2025-09-12T22:10:12.011Z
"54a227a2-16dd-425a-8dd7-fbc7de4c91b0",,439,true,,,2025-09-12T22:10:12.014Z,2025-09-12T22:10:12.014Z
"037e32ed-b63a-4e6b-9430-29a4eedc18ea",,492,true,,,2025-09-12T22:10:12.017Z,2025-09-12T22:10:12.017Z
"fcdd59f0-f905-47c3-9efc-f9b98a74a2d0",,510,true,,,2025-09-12T22:10:12.021Z,2025-09-12T22:10:12.021Z
"689468eb-0c31-4541-b990-f6ef9da0b200",,516,true,,,2025-09-12T22:10:12.024Z,2025-09-12T22:10:12.024Z
"86e83b86-0d14-4a5f-8e2e-aa84a8e464d5",,517,true,,,2025-09-12T22:10:12.027Z,2025-09-12T22:10:12.027Z
"92d3b8ea-a03b-4841-b6ae-30d29aac47d4",,535,true,,,2025-09-12T22:10:12.031Z,2025-09-12T22:10:12.031Z
"9d1308cf-22e1-48c6-bbd0-e4cda6e4a6ad",,666,true,,,2025-09-12T22:10:12.034Z,2025-09-12T22:10:12.034Z
"57ab0736-2a1d-4186-ae68-9317d2c98300",,819,true,,,2025-09-12T22:10:12.038Z,2025-09-12T22:10:12.038Z
"0d35cc0a-c5f1-4e30-918e-90aa00d87d87",,856,true,,,2025-09-12T22:10:12.041Z,2025-09-12T22:10:12.041Z
"8157911c-db65-4d55-a7d1-61cdd966ded2",,944,true,,,2025-09-12T22:10:12.044Z,2025-09-12T22:10:12.044Z
"2c658d02-0c3b-420f-8479-977bbe8abc3b",,954,true,,,2025-09-12T22:10:12.047Z,2025-09-12T22:10:12.047Z
"848ff8ff-9fbf-4555-9baf-b7491283914d",,955,true,,,2025-09-12T22:10:12.050Z,2025-09-12T22:10:12.050Z
"44805612-3e7b-4337-bac3-d803606a4147",,956,true,,,2025-09-12T22:10:12.054Z,2025-09-12T22:10:12.054Z
"cd9aee85-0d58-40f1-afc6-7666dea80242",,957,true,,,2025-09-12T22:10:12.058Z,2025-09-12T22:10:12.058Z
"993aca53-099a-45cd-ae2c-5f24a49f7b57",,958,true,,,2025-09-12T22:10:12.061Z,2025-09-12T22:10:12.061Z
"4c189368-e438-4f1c-bb2e-1f693d097f32",,959,true,,,2025-09-12T22:10:12.064Z,2025-09-12T22:10:12.064Z
"3b31f3a7-2f84-4104-beb6-dd1811784762",,960,true,,,2025-09-12T22:10:12.067Z,2025-09-12T22:10:12.067Z
"6a51ebaf-0f5f-4a14-a53e-8cdf63b64aaf",,961,true,,,2025-09-12T22:10:12.070Z,2025-09-12T22:10:12.070Z
"51c0284c-69fc-4a02-a31b-bcba9029cb65",,967,true,,,2025-09-12T22:10:12.073Z,2025-09-12T22:10:12.073Z
"dbeffeea-092e-4c11-a8c4-d04160c12187",,968,true,,,2025-09-12T22:10:12.077Z,2025-09-12T22:10:12.077Z
"d5e82ab9-3007-48d8-a7a1-1120c46c52ee",,969,true,,,2025-09-12T22:10:12.080Z,2025-09-12T22:10:12.080Z
"23f60801-de09-4377-b30f-98f1187dd61b",,970,true,,,2025-09-12T22:10:12.083Z,2025-09-12T22:10:12.083Z
"b8f2375f-6adc-48c8-93d2-430f03e12014",,971,true,,,2025-09-12T22:10:12.086Z,2025-09-12T22:10:12.086Z
"c335acfc-e5b9-4913-a274-35150ef791a8",,972,true,,,2025-09-12T22:10:12.089Z,2025-09-12T22:10:12.089Z
"58d5a2f7-b0d6-4ae9-9414-ffb87c1876d5",,973,true,,,2025-09-12T22:10:12.093Z,2025-09-12T22:10:12.093Z
"5c99c365-9073-4172-b202-036e6e954d47",,974,true,,,2025-09-12T22:10:12.096Z,2025-09-12T22:10:12.096Z
"31e52d81-85a0-456b-a258-a8a678e66998",,975,true,,,2025-09-12T22:10:12.099Z,2025-09-12T22:10:12.099Z
"6649e595-6f1b-46e5-a407-22ab0e15a85b",,976,true,,,2025-09-12T22:10:12.102Z,2025-09-12T22:10:12.102Z
"1335610c-ccda-4625-86e8-fa354ee4ef79",,977,true,,,2025-09-12T22:10:12.106Z,2025-09-12T22:10:12.106Z
"90ba4214-ab31-4a77-a909-7e7148ec7fa8",,978,true,,,2025-09-12T22:10:12.109Z,2025-09-12T22:10:12.109Z
"c1982ab1-f37f-49ed-808a-edc1137ccb1b",,979,true,,,2025-09-12T22:10:12.112Z,2025-09-12T22:10:12.112Z
"52f37fa6-c694-4f3e-96c2-de5150b62df2",,980,true,,,2025-09-12T22:10:12.116Z,2025-09-12T22:10:12.116Z
"05a3af14-82ec-4320-9092-8720029db877",,981,true,,,2025-09-12T22:10:12.119Z,2025-09-12T22:10:12.119Z
"2a68d260-4ab7-4ef7-9519-8d21d0b57658",,982,true,,,2025-09-12T22:10:12.122Z,2025-09-12T22:10:12.122Z
"11ea445a-a270-4852-8b87-607ffcfe6282",,983,true,,,2025-09-12T22:10:12.126Z,2025-09-12T22:10:12.126Z
"fe472417-b168-424d-9ddd-1fe4f84c962a",,984,true,,,2025-09-12T22:10:12.129Z,2025-09-12T22:10:12.129Z
"6264d7e2-27d5-42f4-ae93-9a861a296606",,985,true,,,2025-09-12T22:10:12.133Z,2025-09-12T22:10:12.133Z
"6553e08d-ad0c-456a-a25c-eeddb3b5600c",,938,true,,,2025-09-12T22:10:12.136Z,2025-09-12T22:10:12.136Z
"776872d7-fdc9-4e47-bb87-fc00620276f9",,986,true,,,2025-09-12T22:10:12.139Z,2025-09-12T22:10:12.139Z
"b1df1884-9c77-45cc-a6ef-c415ea9f1c7f",,987,true,,,2025-09-12T22:10:12.143Z,2025-09-12T22:10:12.143Z
"5bd470bd-6a5d-413f-8b21-8e4e919d154b",,988,true,,,2025-09-12T22:10:12.146Z,2025-09-12T22:10:12.146Z
"7b68443e-a574-4b9a-86be-2fcf98956a1e",,989,true,,,2025-09-12T22:10:12.149Z,2025-09-12T22:10:12.149Z
"38c9197a-6f3a-4bf8-bfde-d6b028d79c1c",,990,true,,,2025-09-12T22:10:12.153Z,2025-09-12T22:10:12.153Z
"ba032a95-2f73-408b-bfcd-a64dc77ac755",,991,true,,,2025-09-12T22:10:12.156Z,2025-09-12T22:10:12.156Z
"f5aa0da1-671a-437c-8e64-9182a9f09106",,992,true,,,2025-09-12T22:10:12.160Z,2025-09-12T22:10:12.160Z
"534b97b1-115d-4e0d-8ed6-4127ca27037e",,993,true,,,2025-09-12T22:10:12.163Z,2025-09-12T22:10:12.163Z
"c5dc2b44-bd71-4a27-af6d-8dcbd4a33b4b",,994,true,,,2025-09-12T22:10:12.166Z,2025-09-12T22:10:12.166Z
"b19f3247-f8af-4a67-90f4-c368112c6c48",,996,true,,,2025-09-12T22:10:12.169Z,2025-09-12T22:10:12.169Z
"f6a135d0-48d3-400a-b433-4e7395b7770d",,997,true,,,2025-09-12T22:10:12.173Z,2025-09-12T22:10:12.173Z
"16dcf139-149d-48ea-a1a2-6af4d6026aec",,1000,true,,,2025-09-12T22:10:12.176Z,2025-09-12T22:10:12.176Z
"24e42c71-bdcc-4c0b-ab78-d910447a5cc4",,1001,true,,,2025-09-12T22:10:12.179Z,2025-09-12T22:10:12.179Z
"32ca2a41-6cd3-4463-9e69-476f36114aba",,1019,true,,,2025-09-12T22:10:12.182Z,2025-09-12T22:10:12.182Z
"30f61cda-25aa-426c-b6b9-861a55b12a44",,1020,true,,,2025-09-12T22:10:12.186Z,2025-09-12T22:10:12.186Z
"762e047a-bd6c-4fa5-befd-32aceb9fc27a",,1021,true,,,2025-09-12T22:10:12.194Z,2025-09-12T22:10:12.194Z
"95d3767c-d593-4e4f-948c-a59e93c57a01",,1022,true,,,2025-09-12T22:10:12.197Z,2025-09-12T22:10:12.197Z
"dade3120-83a5-4618-8457-7faa04f0c266",,1061,true,,,2025-09-12T22:10:12.200Z,2025-09-12T22:10:12.200Z
"86e455f2-2602-4919-9390-79ba7a758821",,1074,true,,,2025-09-12T22:10:12.203Z,2025-09-12T22:10:12.203Z
"c71f2d0c-cb1d-4cac-ab91-fcf41abf8fc7",,1081,true,,,2025-09-12T22:10:12.207Z,2025-09-12T22:10:12.207Z
"cd0bc436-d407-4b84-9ff4-fb424ad7c189",,1091,true,,,2025-09-12T22:10:12.210Z,2025-09-12T22:10:12.210Z
"7ec35c8c-32ec-481a-9ac3-7af58b883cec",,1092,true,,,2025-09-12T22:10:12.213Z,2025-09-12T22:10:12.213Z
"7700d8a3-ed55-4a37-a857-d06d11b2619c",,1094,true,,,2025-09-12T22:10:12.217Z,2025-09-12T22:10:12.217Z
"2dd6c4f3-af36-4366-a108-ad77201dfdc7",,1106,true,,,2025-09-12T22:10:12.220Z,2025-09-12T22:10:12.220Z
"f4c2ec23-af2e-4342-b2b8-45e824d9f64b",,1142,true,,,2025-09-12T22:10:12.223Z,2025-09-12T22:10:12.223Z
"71c23feb-25e9-4686-9471-a14252cb61d4",,1145,true,,,2025-09-12T22:10:12.226Z,2025-09-12T22:10:12.226Z
"5ce683e6-cb69-400f-8c8d-f49d5091914c",,1149,true,,,2025-09-12T22:10:12.230Z,2025-09-12T22:10:12.230Z
"c359294b-cd04-4aaf-8a49-f8dd35ea0cf5",,1172,true,,,2025-09-12T22:10:12.233Z,2025-09-12T22:10:12.233Z
"3d9af98d-eaf6-4815-906a-de6e15bff447",,2149,true,,,2025-09-12T22:10:12.237Z,2025-09-12T22:10:12.237Z
"823903eb-754e-4513-b349-326f7d22e6df",,2150,true,,,2025-09-12T22:10:12.240Z,2025-09-12T22:10:12.240Z
"3110fc09-17c3-4fec-8867-da04c6ccff28",,2152,true,,,2025-09-12T22:10:12.243Z,2025-09-12T22:10:12.243Z
"01bc8f7b-229d-43a5-9c51-086f7635aec6",,2153,true,,,2025-09-12T22:10:12.247Z,2025-09-12T22:10:12.247Z
"1dce3c58-da52-4432-bdda-8afa2e63d11a",,2164,true,,,2025-09-12T22:10:12.250Z,2025-09-12T22:10:12.250Z
"8945a8fb-645c-4a14-905b-83b6662678a8",,2167,true,,,2025-09-12T22:10:12.253Z,2025-09-12T22:10:12.253Z
"471f19be-d271-4c64-bc73-84139dad11e7",,2189,true,,,2025-09-12T22:10:12.257Z,2025-09-12T22:10:12.257Z
"5583b395-36a6-451d-ac2f-827ea2843a9e",,2227,true,,,2025-09-12T22:10:12.260Z,2025-09-12T22:10:12.260Z
"2878d894-6768-4f99-a04e-2e9d3ab69f9c",,3431,true,,,2025-09-12T22:10:12.263Z,2025-09-12T22:10:12.263Z
"daae86ec-5622-49d9-a290-79f103273b1a",,3499,true,,,2025-09-12T22:10:12.267Z,2025-09-12T22:10:12.267Z
"9a840ace-6fb7-416f-ad63-eb83ecaf7482",,3505,true,,,2025-09-12T22:10:12.270Z,2025-09-12T22:10:12.270Z
"d8c30b37-ddf7-499f-a15b-a26f79c470d9",,3528,true,,,2025-09-12T22:10:12.273Z,2025-09-12T22:10:12.273Z
"64e96b2c-1b78-43d9-98dc-ff4ba05f8aaa",,3531,true,,,2025-09-12T22:10:12.277Z,2025-09-12T22:10:12.277Z
"1e4a48b0-0f15-4dfb-a5a2-c16daf8a1b8f",,3536,true,,,2025-09-12T22:10:12.280Z,2025-09-12T22:10:12.280Z
"5f801955-fe38-4a08-87f1-ea4816c17a08",,3537,true,,,2025-09-12T22:10:12.283Z,2025-09-12T22:10:12.283Z
"ff6a2ca8-f2f1-4460-be43-c3621affd1fd",,3633,true,,,2025-09-12T22:10:12.287Z,2025-09-12T22:10:12.287Z
"4a2ecfa7-9b9a-4988-8e10-3f1c03423ee1",,3634,true,,,2025-09-12T22:10:12.290Z,2025-09-12T22:10:12.290Z
"6ff71986-473f-4d72-b2a2-301703a40bae",,3791,true,,,2025-09-12T22:10:12.294Z,2025-09-12T22:10:12.294Z
"7fdb0320-93dd-417f-bef5-67cd377429c1",,3796,true,,,2025-09-12T22:10:12.297Z,2025-09-12T22:10:12.297Z
"e8d3c5c6-6027-411c-bdac-816802e4d1af",,3831,true,,,2025-09-12T22:10:12.300Z,2025-09-12T22:10:12.300Z
"3e8c108e-a3e8-4a08-917a-807ed2de12fc",,4024,true,,,2025-09-12T22:10:12.304Z,2025-09-12T22:10:12.304Z
"d8aa4a65-f913-461d-b78b-d9dc436a66ec",,4026,true,,,2025-09-12T22:10:12.307Z,2025-09-12T22:10:12.307Z
"ca030530-7238-4fde-a6d8-4e4e9d6ce2a3",,4027,true,,,2025-09-12T22:10:12.310Z,2025-09-12T22:10:12.310Z
"eb711d02-ff3f-46ac-8f87-1ef76691f35f",,4028,true,,,2025-09-12T22:10:12.314Z,2025-09-12T22:10:12.314Z
"551a4833-b7c0-4657-8129-37768d4bd24c",,4029,true,,,2025-09-12T22:10:12.317Z,2025-09-12T22:10:12.317Z
"671cae03-ed11-4712-9450-a919f6f9c0c4",,4030,true,,,2025-09-12T22:10:12.320Z,2025-09-12T22:10:12.320Z
"8e3dda57-9e3a-4350-87c0-029df5414337",,4031,true,,,2025-09-12T22:10:12.324Z,2025-09-12T22:10:12.324Z
"9d2768f7-211b-477d-a24b-9efc5878cd2f",,4032,true,,,2025-09-12T22:10:12.327Z,2025-09-12T22:10:12.327Z
"afe8c825-6d26-4b8c-894a-7ccafa09726f",,4052,true,,,2025-09-12T22:10:12.330Z,2025-09-12T22:10:12.330Z
"9366f205-f170-4318-b69a-ab001378627f",,4175,true,,,2025-09-12T22:10:12.334Z,2025-09-12T22:10:12.334Z
"54421232-9b02-4327-8873-5b378d1bd2da",,4211,true,,,2025-09-12T22:10:12.337Z,2025-09-12T22:10:12.337Z
"7b4a1b29-c61f-477c-a570-f5888584d823",,4210,true,,,2025-09-12T22:10:12.340Z,2025-09-12T22:10:12.340Z
"31884ba6-fbad-4763-928a-67a23c5d54b0",,4295,true,,,2025-09-12T22:10:12.343Z,2025-09-12T22:10:12.343Z
"a8bc33b6-20aa-4f03-9890-a263be4ffcf8",,4296,true,,,2025-09-12T22:10:12.346Z,2025-09-12T22:10:12.346Z
"d7d807d8-aec4-4901-b541-6f6c060b2713",,4292,true,,,2025-09-12T22:10:12.350Z,2025-09-12T22:10:12.350Z
"1b153e6f-ec66-437a-8c76-a23d320a84f9",,4293,true,,,2025-09-12T22:10:12.353Z,2025-09-12T22:10:12.353Z
"67bd49f3-237a-4300-be40-74b28e225260",,4291,true,,,2025-09-12T22:10:12.356Z,2025-09-12T22:10:12.356Z
"280afc5b-9938-4177-976e-d49bf242e20f",,4290,true,,,2025-09-12T22:10:12.360Z,2025-09-12T22:10:12.360Z
"fca0b5fc-c131-4fb5-8ffb-6997cc11c9f2",,4325,true,,,2025-09-12T22:10:12.363Z,2025-09-12T22:10:12.363Z
"13624aee-76c1-40c4-a0bc-18d86ce4d6e5",,4306,true,,,2025-09-12T22:10:12.366Z,2025-09-12T22:10:12.366Z
"89d6a026-2c52-44f0-9fb4-90477f1d008c",,4308,true,,,2025-09-12T22:10:12.369Z,2025-09-12T22:10:12.369Z
"e050531b-c27c-4998-967c-8f3d57f29a00",,4321,true,,,2025-09-12T22:10:12.372Z,2025-09-12T22:10:12.372Z
"a07dc63e-e15e-465d-af86-c161f7fa429c",,4331,true,,,2025-09-12T22:10:12.376Z,2025-09-12T22:10:12.376Z
"63ea5609-4c7f-460e-89fd-e249495cb461",,4332,true,,,2025-09-12T22:10:12.379Z,2025-09-12T22:10:12.379Z
"91b13a41-b3d6-43b3-99ca-8d2a85c3cd1b",,4333,true,,,2025-09-12T22:10:12.382Z,2025-09-12T22:10:12.382Z
"4e655a61-ac8f-45b4-8c25-ae93b6db8396",,4335,true,,,2025-09-12T22:10:12.385Z,2025-09-12T22:10:12.385Z
"39f68acc-a583-4018-88ba-d7910db8a1e8",,4337,true,,,2025-09-12T22:10:12.389Z,2025-09-12T22:10:12.389Z
"5effe157-a935-491b-b610-0159527218c5",,4339,true,,,2025-09-12T22:10:12.392Z,2025-09-12T22:10:12.392Z
"0177e4ce-d64d-4599-94c8-b1be84a360a2",,4340,true,,,2025-09-12T22:10:12.395Z,2025-09-12T22:10:12.395Z
"a92f6504-45e6-42b5-b1eb-710c27cc28a1",,4341,true,,,2025-09-12T22:10:12.398Z,2025-09-12T22:10:12.398Z
"93c920c9-33e2-4c37-82b7-ba9d5b71bc1b",,4342,true,,,2025-09-12T22:10:12.401Z,2025-09-12T22:10:12.401Z
"6c7cd079-cc4d-4696-ae0f-7335ec98b85a",,4343,true,,,2025-09-12T22:10:12.404Z,2025-09-12T22:10:12.404Z
"23138157-8783-40cb-8fe9-142c2bec9628",,4346,true,,,2025-09-12T22:10:12.408Z,2025-09-12T22:10:12.408Z
"f734be9f-f3dc-463d-a4e7-fe36538bf1e0",,4374,true,,,2025-09-12T22:10:12.411Z,2025-09-12T22:10:12.411Z
"80bedd65-1b04-456d-b104-41d02a868d4d",,4415,true,,,2025-09-12T22:10:12.414Z,2025-09-12T22:10:12.414Z
"69b1931c-676f-4b1e-899b-ca8cd1d93c25",,4417,true,,,2025-09-12T22:10:12.418Z,2025-09-12T22:10:12.418Z
"c8456174-40ea-4aae-aeed-d333bcb59d23",,4418,true,,,2025-09-12T22:10:12.421Z,2025-09-12T22:10:12.421Z
"74b53f25-fc00-45f6-87b6-405c95f45b1a",,4426,true,,,2025-09-12T22:10:12.424Z,2025-09-12T22:10:12.424Z
"00d72eff-a52e-423e-b90e-2878cb17280a",,4427,true,,,2025-09-12T22:10:12.428Z,2025-09-12T22:10:12.428Z
"ebb99d4d-9bc7-4dda-b11b-02713d951dd2",,4428,true,,,2025-09-12T22:10:12.431Z,2025-09-12T22:10:12.431Z
"8b54b06d-c783-4328-9f1c-ff3ab02efc1f",,4429,true,,,2025-09-12T22:10:12.434Z,2025-09-12T22:10:12.434Z
"02e1b9d6-2a79-4fe1-9350-977db4962e9c",,4432,true,,,2025-09-12T22:10:12.437Z,2025-09-12T22:10:12.437Z
"3770b86f-d041-4b78-8d3d-1fc6247100c8",,4422,true,,,2025-09-12T22:10:12.440Z,2025-09-12T22:10:12.440Z
"51faeec7-22df-458e-9d78-b5eae98e5ccf",,4420,true,,,2025-09-12T22:10:12.444Z,2025-09-12T22:10:12.444Z
"33ac1cab-3ccf-47a8-8a5e-73c96805bf42",,4423,true,,,2025-09-12T22:10:12.447Z,2025-09-12T22:10:12.447Z
"7c71d1c8-7c54-4760-9b77-ca8679e33533",,4421,true,,,2025-09-12T22:10:12.451Z,2025-09-12T22:10:12.451Z
"46c60390-9505-4121-9cba-b46eb65db8b3",,4431,true,,,2025-09-12T22:10:12.454Z,2025-09-12T22:10:12.454Z
"e7d749d6-dc9c-48c3-b74f-b735b9a49340",,4430,true,,,2025-09-12T22:10:12.457Z,2025-09-12T22:10:12.457Z
"9ec6b180-3026-4029-82f4-c51a366bc4ac",,4433,true,,,2025-09-12T22:10:12.461Z,2025-09-12T22:10:12.461Z
"85035484-13c7-4caa-a476-43717c67decb",,4434,true,,,2025-09-12T22:10:12.464Z,2025-09-12T22:10:12.464Z
"62185ad9-da5b-4231-a94f-0da0fbf5aadf",,4435,true,,,2025-09-12T22:10:12.467Z,2025-09-12T22:10:12.467Z
"45037572-19b1-430c-8bb8-3c6bdf1d3cfd",,4436,true,,,2025-09-12T22:10:12.470Z,2025-09-12T22:10:12.470Z
"ace9604b-7238-4645-bac5-3a709cb25962",,4437,true,,,2025-09-12T22:10:12.473Z,2025-09-12T22:10:12.473Z
"6761f2ba-4f7a-4d58-b855-e003406a998d",,4438,true,,,2025-09-12T22:10:12.477Z,2025-09-12T22:10:12.477Z
"d50efaac-5838-4e93-8233-dada87564dbf",,4440,true,,,2025-09-12T22:10:12.481Z,2025-09-12T22:10:12.481Z
"bddd99ff-f511-4bc8-957d-140d918f47fe",,4442,true,,,2025-09-12T22:10:12.488Z,2025-09-12T22:10:12.488Z
"63954481-52da-4faa-b96b-8f2e953c0c07",,4490,true,,,2025-09-12T22:10:12.492Z,2025-09-12T22:10:12.492Z
"3d0236c7-cf1c-4778-acd3-7887b5d1ca00",,4439,true,,,2025-09-12T22:10:12.496Z,2025-09-12T22:10:12.496Z
"55d596bb-6804-4eab-bca4-6f357ea94717",,54,true,,,2025-09-12T22:10:12.499Z,2025-09-12T22:10:12.499Z
"fb646f2f-c78d-45a8-ac57-82f7fea07255",,4419,true,,,2025-09-12T22:10:12.503Z,2025-09-12T22:10:12.503Z
"5c82cb5b-f68f-4323-953b-024924b583b2",,4424,true,,,2025-09-12T22:10:12.506Z,2025-09-12T22:10:12.506Z
"2be1aa70-c5de-43ea-8966-71f22937658e",,962,true,,,2025-09-12T22:10:12.509Z,2025-09-12T22:10:12.509Z
"e2149782-20a7-424f-ba86-6e2135a03db6",,338,true,,,2025-09-12T22:10:12.512Z,2025-09-12T22:10:12.512Z
"2d5c3adb-634f-42f2-8fe8-4071fd299bcd",,4294,true,,,2025-09-12T22:10:12.516Z,2025-09-12T22:10:12.516Z
"486f8f78-5737-4145-9dbc-56310245c9ad",,4251,true,,,2025-09-12T22:10:12.519Z,2025-09-12T22:10:12.519Z
"ab81792b-f494-4953-a902-f61326e78227",,2151,true,,,2025-09-12T22:10:12.522Z,2025-09-12T22:10:12.522Z
"b7d587b8-bf43-4eec-a6c5-91021b84e9bc",,4174,true,,,2025-09-12T22:10:12.545Z,2025-09-12T22:10:12.545Z
"8187ae37-6c17-481e-8f4b-d962c0e1dadb",,1082,true,,,2025-09-12T22:10:12.548Z,2025-09-12T22:10:12.548Z
"58aed3c7-c086-460f-8dc4-6255eefe6aaf",,3697,true,,,2025-09-12T22:10:12.552Z,2025-09-12T22:10:12.552Z
"6eecd5f6-1468-4743-a26f-961bb575f1a2",,555,true,,,2025-09-12T22:10:12.555Z,2025-09-12T22:10:12.555Z
"015abcd5-0f5b-466f-a759-a94cf9aa7f0a",,668,true,,,2025-09-12T22:10:12.559Z,2025-09-12T22:10:12.559Z
"405ae687-d629-4d6a-bcab-81897440a1f4",,825,true,,,2025-09-12T22:10:12.562Z,2025-09-12T22:10:12.562Z
"bdc80dcf-b161-42fd-aa69-c5c62481ea3c",,45,true,,,2025-09-12T22:10:12.565Z,2025-09-12T22:10:12.565Z
"ef129072-6732-4e97-9794-ab01ccae7f96",,373,true,,,2025-09-12T22:10:12.569Z,2025-09-12T22:10:12.569Z
"e38e8660-6bd1-45fc-8a7b-3361148cabf1",,300,false,,,2025-09-12T22:27:24.743Z,2025-09-12T23:07:36.225Z
"de60e361-4d39-4c71-b3bd-08034beb2f8b",,440,false,,,2025-09-12T22:28:04.605Z,2025-09-12T23:10:08.721Z
"3835ee01-d8be-4155-b363-296f9551ae64",,425,false,,,2025-09-12T22:28:12.042Z,2025-09-12T23:10:03.958Z
"2ec71dbf-c0e4-4c60-82b4-603cbe6b8366",,1018,false,,,2025-09-12T22:28:17.826Z,2025-09-12T23:10:20.137Z